words,count_2005,count_2006,count_2007,count_2008,count_2009,count_2010,count_2011,count_2012,count_2013,count_2014,count_2015,count_2016
learning,50.0,40.0,50.0,54.0,65.0,58.0,42.0,63.0,33.0,60.0,55.0,62.0
models,12.0,10.0,8.0,11.0,15.0,7.0,11.0,19.0,9.0,21.0,20.0,24.0
classification,12.0,9.0,7.0,9.0,5.0,4.0,9.0,8.0,6.0,5.0,5.0,7.0
bayesian,10.0,9.0,7.0,6.0,9.0,8.0,6.0,18.0,2.0,14.0,15.0,9.0
regression,8.0,5.0,6.0,4.0,2.0,5.0,5.0,9.0,2.0,6.0,2.0,11.0
reinforcement,8.0,8.0,5.0,11.0,3.0,5.0,,5.0,2.0,3.0,3.0,8.0
analysis,7.0,7.0,8.0,11.0,8.0,8.0,2.0,10.0,6.0,14.0,11.0,14.0
classifiers,7.0,3.0,2.0,1.0,3.0,2.0,,1.0,1.0,2.0,,2.0
clustering,7.0,8.0,11.0,5.0,5.0,8.0,6.0,10.0,2.0,9.0,7.0,9.0
vector,6.0,4.0,6.0,4.0,2.0,1.0,4.0,3.0,2.0,3.0,2.0,1.0
methods,6.0,4.0,2.0,2.0,3.0,3.0,4.0,3.0,1.0,7.0,4.0,4.0
margin,6.0,4.0,2.0,3.0,3.0,1.0,,3.0,,1.0,,
large,6.0,,,4.0,4.0,3.0,2.0,3.0,1.0,1.0,1.0,1.0
approach,6.0,2.0,6.0,5.0,1.0,4.0,6.0,7.0,6.0,2.0,7.0,12.0
information,5.0,2.0,,1.0,5.0,3.0,,2.0,,5.0,2.0,4.0
processes,5.0,4.0,1.0,2.0,3.0,4.0,3.0,4.0,2.0,7.0,20.0,5.0
model,5.0,5.0,4.0,7.0,3.0,4.0,6.0,14.0,5.0,8.0,10.0,8.0
hierarchical,5.0,3.0,6.0,4.0,2.0,5.0,3.0,5.0,1.0,3.0,3.0,7.0
gaussian,5.0,4.0,5.0,4.0,6.0,6.0,2.0,7.0,3.0,9.0,14.0,10.0
bounds,5.0,2.0,1.0,,2.0,2.0,4.0,2.0,4.0,7.0,6.0,3.0
performance,5.0,,,,1.0,,2.0,,,,2.0,
networks,5.0,3.0,3.0,7.0,5.0,5.0,7.0,9.0,2.0,12.0,15.0,35.0
markov,4.0,7.0,3.0,5.0,6.0,4.0,4.0,4.0,3.0,8.0,9.0,5.0
local,4.0,2.0,3.0,2.0,1.0,3.0,1.0,5.0,2.0,2.0,1.0,1.0
predicting,4.0,1.0,,2.0,,,1.0,4.0,,,,
data,4.0,8.0,10.0,3.0,7.0,5.0,3.0,8.0,5.0,13.0,20.0,18.0
support,4.0,4.0,4.0,3.0,,1.0,3.0,3.0,4.0,2.0,1.0,1.0
functions,4.0,2.0,5.0,1.0,,1.0,4.0,1.0,1.0,4.0,2.0,6.0
supervised,4.0,2.0,3.0,2.0,4.0,3.0,,3.0,,3.0,1.0,5.0
combining,4.0,2.0,1.0,1.0,,,,,,,,
new,4.0,1.0,1.0,1.0,,1.0,2.0,7.0,1.0,1.0,2.0,4.0
based,4.0,1.0,2.0,1.0,2.0,2.0,3.0,2.0,3.0,1.0,1.0,4.0
graph,4.0,3.0,2.0,2.0,6.0,4.0,1.0,3.0,1.0,6.0,2.0,1.0
predictive,4.0,5.0,,1.0,1.0,1.0,,,2.0,,2.0,2.0
fast,3.0,7.0,3.0,6.0,3.0,6.0,2.0,8.0,4.0,7.0,5.0,11.0
probabilistic,3.0,3.0,3.0,2.0,2.0,2.0,3.0,5.0,3.0,4.0,5.0,2.0
comparison,3.0,1.0,,1.0,1.0,,,,,2.0,,
framework,3.0,1.0,1.0,3.0,3.0,2.0,1.0,3.0,5.0,2.0,7.0,1.0
decomposition,3.0,1.0,1.0,,1.0,1.0,3.0,4.0,,1.0,1.0,4.0
text,3.0,1.0,,1.0,,,4.0,2.0,,,1.0,3.0
distributions,3.0,1.0,2.0,1.0,1.0,,,,,3.0,1.0,1.0
online,3.0,3.0,3.0,3.0,5.0,5.0,6.0,10.0,4.0,11.0,8.0,6.0
prediction,3.0,2.0,4.0,2.0,7.0,5.0,5.0,11.0,1.0,9.0,6.0,6.0
svm,3.0,1.0,2.0,3.0,,2.0,3.0,,1.0,4.0,2.0,
mixture,3.0,3.0,3.0,2.0,1.0,1.0,1.0,2.0,2.0,,2.0,2.0
machine,3.0,1.0,3.0,2.0,2.0,3.0,2.0,2.0,1.0,1.0,2.0,1.0
semi-supervised,3.0,5.0,5.0,5.0,5.0,3.0,2.0,4.0,1.0,3.0,,2.0
kernels,3.0,2.0,2.0,6.0,3.0,2.0,6.0,3.0,,4.0,2.0,
kernel,3.0,12.0,10.0,11.0,3.0,4.0,9.0,8.0,4.0,9.0,2.0,7.0
approximate,3.0,1.0,1.0,,4.0,3.0,2.0,5.0,,7.0,7.0,6.0
dirichlet,3.0,2.0,2.0,3.0,1.0,2.0,2.0,3.0,1.0,3.0,3.0,1.0
between,3.0,1.0,1.0,2.0,,1.0,,1.0,,1.0,1.0,
method,3.0,2.0,2.0,1.0,2.0,1.0,,5.0,2.0,7.0,9.0,5.0
estimation,3.0,1.0,4.0,6.0,1.0,3.0,1.0,6.0,1.0,13.0,9.0,11.0
dimensionality,3.0,3.0,5.0,1.0,,3.0,1.0,2.0,2.0,2.0,,
conditional,3.0,2.0,2.0,1.0,4.0,4.0,,5.0,,2.0,,4.0
error,3.0,,1.0,3.0,,,1.0,2.0,1.0,,6.0,1.0
bayes,3.0,2.0,,2.0,,1.0,2.0,1.0,,2.0,,
fields,3.0,1.0,3.0,,2.0,2.0,1.0,,,3.0,1.0,1.0
random,3.0,2.0,5.0,1.0,3.0,4.0,2.0,5.0,,9.0,6.0,4.0
protein,3.0,1.0,1.0,1.0,1.0,,1.0,,,2.0,,
naive,3.0,1.0,,,,,1.0,,,,1.0,
sampling,3.0,1.0,,4.0,3.0,,3.0,1.0,1.0,2.0,5.0,12.0
dynamic,3.0,2.0,1.0,2.0,4.0,1.0,4.0,3.0,1.0,1.0,4.0,5.0
problems,2.0,3.0,2.0,,2.0,3.0,2.0,4.0,2.0,6.0,4.0,4.0
distance,2.0,1.0,2.0,2.0,,3.0,,1.0,,3.0,,2.0
concept,2.0,1.0,,,,,,,,1.0,,
structured,2.0,2.0,2.0,1.0,2.0,2.0,,7.0,4.0,10.0,6.0,8.0
problem,2.0,1.0,,,3.0,1.0,1.0,2.0,,3.0,4.0,4.0
continuous,2.0,1.0,,,2.0,1.0,,2.0,,,1.0,4.0
skewing,2.0,,,,,,,,,,,
extraction,2.0,,1.0,1.0,1.0,,1.0,,,,,1.0
detection,2.0,2.0,1.0,1.0,1.0,2.0,,1.0,1.0,3.0,4.0,3.0
model-based,2.0,,1.0,1.0,,2.0,1.0,,1.0,1.0,2.0,1.0
generalization,2.0,,2.0,2.0,1.0,1.0,1.0,2.0,2.0,1.0,2.0,3.0
computer,2.0,1.0,1.0,1.0,,,,,,,,
generalized,2.0,1.0,,2.0,2.0,1.0,2.0,1.0,1.0,4.0,4.0,4.0
factorization,2.0,1.0,,2.0,2.0,3.0,1.0,3.0,2.0,4.0,1.0,6.0
vision,2.0,1.0,,1.0,,,,,1.0,,,
linear,2.0,4.0,5.0,9.0,8.0,5.0,6.0,7.0,3.0,10.0,8.0,10.0
computational,2.0,1.0,,,,1.0,1.0,,,,1.0,1.0
codes,2.0,,,,,1.0,1.0,,,1.0,,
selection,2.0,4.0,6.0,3.0,4.0,10.0,6.0,7.0,3.0,4.0,8.0,2.0
feature,2.0,4.0,8.0,3.0,7.0,6.0,8.0,8.0,5.0,4.0,3.0,3.0
inference,2.0,6.0,1.0,3.0,8.0,4.0,6.0,10.0,1.0,14.0,21.0,11.0
network,2.0,1.0,2.0,,1.0,1.0,,1.0,,7.0,6.0,4.0
visual,2.0,,,,,3.0,,1.0,1.0,1.0,1.0,1.0
ensembles,2.0,2.0,,1.0,,,,,,1.0,,
plans,2.0,,,,,,,,,,,
efficient,2.0,7.0,5.0,6.0,5.0,4.0,2.0,9.0,6.0,16.0,5.0,17.0
classifier,2.0,1.0,,1.0,,2.0,1.0,,,1.0,1.0,1.0
dual,2.0,,,1.0,2.0,2.0,1.0,,1.0,3.0,3.0,3.0
graphs,2.0,2.0,3.0,2.0,1.0,3.0,3.0,4.0,1.0,2.0,3.0,4.0
structure,2.0,1.0,5.0,5.0,7.0,2.0,1.0,6.0,,2.0,2.0,4.0
discriminative,2.0,3.0,3.0,5.0,1.0,1.0,1.0,3.0,,3.0,2.0,1.0
machines,2.0,3.0,6.0,4.0,1.0,3.0,4.0,2.0,4.0,3.0,1.0,4.0
reduction,2.0,4.0,6.0,2.0,,3.0,,2.0,1.0,3.0,1.0,2.0
optimization,2.0,1.0,2.0,2.0,3.0,4.0,6.0,11.0,14.0,14.0,16.0,26.0
embedding,2.0,2.0,,2.0,2.0,3.0,2.0,2.0,2.0,4.0,2.0,1.0
tasks,2.0,,1.0,1.0,1.0,,,,1.0,,1.0,1.0
roc,2.0,1.0,,,,,,,,,,
probability,2.0,,,1.0,,1.0,1.0,1.0,,1.0,,1.0
empirical,2.0,1.0,1.0,1.0,,,,1.0,,1.0,6.0,3.0
directed,2.0,,1.0,,1.0,,,,,,,
tree,2.0,,,,1.0,1.0,5.0,2.0,1.0,2.0,,4.0
sparse,2.0,3.0,6.0,3.0,6.0,7.0,7.0,18.0,9.0,9.0,11.0,13.0
density,2.0,,1.0,1.0,1.0,,1.0,,,1.0,,1.0
search,2.0,1.0,2.0,2.0,3.0,2.0,3.0,5.0,3.0,2.0,5.0,6.0
ranking,2.0,3.0,2.0,2.0,5.0,3.0,2.0,3.0,1.0,4.0,2.0,2.0
recognition,2.0,2.0,,2.0,,4.0,1.0,,,2.0,,2.0
modeling,2.0,1.0,2.0,2.0,3.0,4.0,3.0,8.0,4.0,5.0,3.0,2.0
representations,2.0,2.0,1.0,2.0,2.0,1.0,,2.0,2.0,9.0,3.0,2.0
versus,2.0,1.0,,,,,1.0,1.0,,,,
object,2.0,1.0,,,,1.0,,1.0,1.0,2.0,,1.0
ensemble,2.0,,,,,,1.0,1.0,,2.0,,2.0
programming,2.0,2.0,2.0,3.0,1.0,1.0,1.0,3.0,2.0,5.0,2.0,1.0
process,2.0,2.0,6.0,7.0,4.0,8.0,5.0,7.0,2.0,13.0,8.0,4.0
structural,2.0,1.0,1.0,2.0,2.0,1.0,,,3.0,2.0,1.0,
algorithms,2.0,4.0,6.0,3.0,2.0,2.0,5.0,7.0,3.0,10.0,9.0,17.0
clusterings,2.0,,,,1.0,1.0,,2.0,1.0,,,
comparing,2.0,,,,,1.0,,1.0,,,1.0,
modelling,2.0,,1.0,1.0,,,,1.0,1.0,2.0,2.0,
active,2.0,4.0,2.0,6.0,3.0,3.0,2.0,4.0,4.0,8.0,2.0,1.0
multiple,2.0,2.0,4.0,6.0,6.0,7.0,3.0,8.0,4.0,5.0,6.0,4.0
logistic,2.0,,1.0,,,,,,1.0,,,
estimating,1.0,1.0,,2.0,,,2.0,2.0,,2.0,,5.0
attention,1.0,,,,,,,,,,1.0,3.0
computing,1.0,,1.0,,,,,,,1.0,,1.0
q-learning,1.0,,,,1.0,1.0,,,,,,1.0
first-order,1.0,,,,,,,,,1.0,1.0,1.0
rules,1.0,,1.0,1.0,,,1.0,,,,1.0,
multi-criteria,1.0,,,,,,,,,,,
simplifying,1.0,,,,,,,,,,,
sequential,1.0,2.0,1.0,,1.0,1.0,,1.0,1.0,2.0,2.0,3.0
good,1.0,1.0,,,1.0,,,,,,1.0,
likelihoods,1.0,,,,,,,,,1.0,1.0,
probabilities,1.0,,,,,1.0,,1.0,,,1.0,
maximization,1.0,,1.0,1.0,,,1.0,2.0,,2.0,2.0,4.0
recycling,1.0,,,,,,,,,,,1.0
space,1.0,2.0,4.0,1.0,3.0,2.0,2.0,3.0,1.0,1.0,,2.0
multi-agent,1.0,,1.0,,,1.0,,,,,,
expectation,1.0,,1.0,,,,1.0,1.0,,,,2.0
psychoacoustic,1.0,,,,,,,,,,,
informative,1.0,1.0,,,,,,,,,,
embedded,1.0,,,,,,,,,,,
progressions,1.0,,,,,,,,,,,
chord,1.0,,,,,,,,,,,
graphical,1.0,2.0,1.0,,2.0,1.0,2.0,5.0,1.0,5.0,1.0,4.0
multi-category,1.0,,,,,,,,,,,
greedy,1.0,,,,1.0,,1.0,2.0,,1.0,1.0,1.0
descriptors,1.0,,,,,,,,,,,
matrix,1.0,2.0,2.0,2.0,2.0,4.0,5.0,9.0,5.0,10.0,7.0,15.0
trees,1.0,1.0,3.0,2.0,2.0,2.0,3.0,4.0,,3.0,4.0,1.0
handling,1.0,,,,,1.0,,,,,,
maximum,1.0,3.0,3.0,4.0,2.0,2.0,,4.0,1.0,4.0,,2.0
noisy,1.0,,1.0,,1.0,1.0,2.0,2.0,3.0,1.0,2.0,3.0
attributes,1.0,,,,,1.0,,,,,1.0,
metrics,1.0,,,,1.0,,,,,1.0,,
collaborative,1.0,2.0,1.0,,2.0,,,4.0,1.0,,3.0,1.0
labeling,1.0,1.0,1.0,,1.0,,,,2.0,1.0,,1.0
nominal,1.0,,,,,,,,,,,
healing,1.0,,,,,,,,,,,
relevance,1.0,,2.0,,,,,1.0,,,,
augmentation,1.0,,,,,,,,,1.0,,
instance,1.0,,1.0,3.0,1.0,1.0,1.0,,1.0,,,
spanning,1.0,,,,,1.0,,,,,,
geodesic,1.0,,,,,,,,,1.0,,
integer,1.0,,,,,,,,,,,
decision,1.0,3.0,1.0,2.0,1.0,1.0,2.0,3.0,,3.0,4.0,6.0
learners,1.0,,,,1.0,,,,,1.0,1.0,1.0
boolean,1.0,,,,1.0,,,,,,,1.0
generative,1.0,,1.0,1.0,1.0,2.0,1.0,2.0,,4.0,3.0,5.0
difficult,1.0,,,,,,,,,,,
works,1.0,,,,,,,,,,,
why,1.0,,,,,,,,,,,3.0
parameter,1.0,,2.0,2.0,,,1.0,1.0,,,,4.0
subspace,1.0,2.0,,,,1.0,,2.0,1.0,1.0,6.0,3.0
optimizing,1.0,,,1.0,1.0,,,1.0,1.0,1.0,2.0,1.0
concurrent,1.0,,,,,,,,,,,
generating,1.0,,,,,,1.0,,,,,
abstaining,1.0,,,,,,,,,,,
coarticulation,1.0,,,,,,,,,,,
independent,1.0,,1.0,,2.0,1.0,,,,2.0,1.0,
incomplete,1.0,,1.0,2.0,,,,,,1.0,1.0,
exploration,1.0,1.0,1.0,1.0,3.0,2.0,,3.0,1.0,,2.0,2.0
correspondence,1.0,,,,,,,,,,,
eigenvalue,1.0,,,,1.0,1.0,1.0,,,,,
on-line,1.0,,,1.0,,,,2.0,,,,
language,1.0,,1.0,2.0,1.0,,2.0,3.0,1.0,2.0,2.0,1.0
regularities,1.0,,,,,,,,,,,
lexical,1.0,,,,,,,,,,,
semantic,1.0,,,,1.0,1.0,,,,1.0,1.0,
syntactic,1.0,,,,,,,,,,,
exploiting,1.0,,,,1.0,1.0,,1.0,,,,2.0
function,1.0,3.0,4.0,3.0,3.0,1.0,1.0,2.0,,5.0,2.0,
discovery,1.0,,1.0,2.0,1.0,,1.0,2.0,1.0,2.0,,2.0
motif,1.0,,,,,,,,,,,1.0
surface,1.0,,,,,,,,,,,
history,1.0,,,,,,,,,,,
implicit,1.0,,,1.0,,2.0,,,,1.0,,1.0
document,1.0,1.0,,1.0,,1.0,,,,,2.0,
regularization,1.0,2.0,6.0,,5.0,2.0,4.0,6.0,1.0,5.0,2.0,4.0
hypergraph,1.0,,,,1.0,,,,,,1.0,
propagating,1.0,,,,,,,,,,,
core,1.0,,2.0,,,,,,,,,
switching,1.0,,,,,,,,1.0,1.0,,
products-of-sigmoids,1.0,,,,,,,,,,,
discontinuities,1.0,,,,,,,,,,,
reward,1.0,1.0,1.0,,,1.0,,,1.0,,,
incomplete-data,1.0,,,,,,,,,,,
eligibility,1.0,,,,,,,,,,,
mallows,1.0,,,,,,1.0,,,1.0,1.0,
scalable,1.0,,4.0,,2.0,3.0,1.0,1.0,1.0,8.0,10.0,4.0
inductive,1.0,,,1.0,,1.0,,,,,,
graph-based,1.0,,,,,,1.0,,,1.0,1.0,
mixtures,1.0,1.0,3.0,,,,,2.0,,2.0,,2.0
harmonic,1.0,,,,,,,1.0,,,1.0,
web,1.0,,1.0,,1.0,,,2.0,,,,
2d,1.0,,,,,,,,,,,
unlabeled,1.0,,1.0,,,,2.0,1.0,,,1.0,1.0
labeled,1.0,,,,,,,1.0,,,,
metric,1.0,1.0,4.0,2.0,3.0,1.0,,1.0,1.0,4.0,3.0,2.0
augmenting,1.0,,,,,,,,,,,1.0
state,1.0,4.0,,2.0,,,,,2.0,,,2.0
relational,1.0,2.0,3.0,2.0,2.0,2.0,1.0,3.0,,1.0,1.0,1.0
enhanced,1.0,,,,,,1.0,,1.0,,,
building,1.0,,1.0,,,,,1.0,,,,
detectors,1.0,,,,,,,,,,,
cascade,1.0,,,,,,,,,,1.0,
asymmetric,1.0,,1.0,,,,,,,1.0,2.0,1.0
reset,1.0,,,,,,,,,,,
systems,1.0,3.0,,1.0,5.0,1.0,,1.0,1.0,,2.0,1.0
dynamical,1.0,3.0,,,3.0,2.0,,,2.0,,3.0,1.0
traces,1.0,,,,,,,,,,,
temporal-difference,1.0,,,1.0,2.0,,,,,,,
extension,1.0,,,,,,,,,,,
latent,1.0,1.0,2.0,1.0,1.0,1.0,2.0,14.0,3.0,9.0,4.0,4.0
time-series,1.0,,,,,1.0,,,,,,
transductive,1.0,2.0,2.0,1.0,1.0,,,,,1.0,1.0,
cloud,1.0,,,,,,,,,,,
point,1.0,,,2.0,,2.0,2.0,,,4.0,4.0,1.0
beyond,1.0,1.0,,,,,,,,,,4.0
partitioning,1.0,,,,1.0,,,,1.0,1.0,1.0,
subgoals,1.0,,,,,,,,,,,
useful,1.0,,,,,,,,,,,
identifying,1.0,,,,1.0,1.0,,,,,1.0,
variable,1.0,,2.0,1.0,,2.0,,2.0,,6.0,1.0,4.0
results,1.0,,,,,,,,1.0,1.0,,
application,1.0,1.0,2.0,,5.0,3.0,,4.0,3.0,3.0,4.0,3.0
identification,1.0,1.0,,,,,1.0,1.0,,1.0,1.0,
d-separation,1.0,,,,,,,,,,,
hmms,1.0,,,,,,,,,,1.0,
large-state-space,1.0,,,,,,,,,,,
statistics,1.0,,,,,,,,,,,
applications,1.0,1.0,,1.0,2.0,1.0,,2.0,1.0,5.0,2.0,4.0
tensor,1.0,,,,,,,,,2.0,4.0,6.0
non-negative,1.0,,,1.0,,,,1.0,1.0,,1.0,1.0
nonlinear,1.0,2.0,3.0,,2.0,,,3.0,,3.0,,4.0
spectral,1.0,4.0,4.0,1.0,3.0,2.0,3.0,2.0,1.0,4.0,4.0,2.0
experiments,1.0,,,,,1.0,,,,,,
gene,1.0,,,,,,,,,,,1.0
tdlambda,1.0,,,,,,,,,,,
into,1.0,,,,1.0,,,2.0,,1.0,,
iteration,1.0,1.0,,,,3.0,1.0,1.0,,2.0,1.0,2.0
value,1.0,2.0,3.0,,1.0,,1.0,1.0,,1.0,1.0,3.0
fitted,1.0,,,,,,,,,,,
time,1.0,2.0,1.0,1.0,4.0,2.0,2.0,4.0,3.0,6.0,3.0,6.0
finite,1.0,,,,,,,1.0,,,2.0,1.0
within,1.0,,,,,,,,,,,
adaboost,1.0,,,,,,,,,,,
output-code,1.0,,,,,,,,,,,
error-correcting,1.0,,,,,,,,,,,
unifying,1.0,,,2.0,,,,1.0,1.0,2.0,1.0,1.0
knowledge,1.0,1.0,1.0,,1.0,,2.0,2.0,,1.0,,1.0
expression,1.0,,,,,,,,,,,1.0
domain,1.0,,,,2.0,,1.0,4.0,3.0,1.0,1.0,3.0
incorporating,1.0,,,,1.0,,,2.0,,1.0,,
explanation-augmented,1.0,,,,,,,,,,,
interval,1.0,,,,,,,,,,,
theoretical,1.0,,,,,1.0,,1.0,,1.0,1.0,
sequence,1.0,2.0,1.0,1.0,3.0,,,1.0,1.0,1.0,,5.0
genomic,1.0,,,,,,,,,,,
scale,1.0,,,1.0,3.0,1.0,1.0,3.0,1.0,,1.0,
approximations,1.0,,,1.0,1.0,1.0,,,1.0,,,1.0
compact,1.0,,,1.0,,1.0,2.0,1.0,,2.0,,
preferences,1.0,1.0,,,,,1.0,,,,1.0,1.0
cope,1.0,,,,,,,,,,,
monocular,1.0,,,,,,,,,,,
fourier-based,1.0,,,,,,,,,,,
assignment,1.0,,,,,,,,1.0,,,
optimal,1.0,3.0,2.0,2.0,1.0,2.0,2.0,6.0,5.0,5.0,3.0,8.0
carlo,1.0,,,1.0,,,,1.0,1.0,8.0,5.0,6.0
monte,1.0,,,1.0,,,,1.0,1.0,7.0,5.0,6.0
bagging,1.0,1.0,,,,,,,,,,
experimental,1.0,1.0,1.0,1.0,1.0,1.0,,,,,,1.0
order,1.0,1.0,,,2.0,,,,,1.0,1.0,
first,1.0,,,,,,,,,,,
instance-based,1.0,,,,1.0,,,,,,,
practical,1.0,1.0,1.0,,,,,1.0,1.0,2.0,,
avoidance,1.0,,,,,,,,,,,
discriminant,1.0,3.0,5.0,1.0,,,,2.0,1.0,1.0,,
oriented,1.0,,,,,,,,,,,
multimodal,1.0,,,,,,1.0,,,1.0,,
games,1.0,,,2.0,,1.0,,1.0,,,2.0,1.0
general-sum,1.0,,,,,,,,,,,
repeated,1.0,,,,,1.0,,,,,,
cooperate,1.0,,,,,,,,,,,
compromise,1.0,,,,,,,,,,,
compete,1.0,,,,,,,,,,,
attributed,1.0,,,,,,,1.0,,,,
molecular,1.0,1.0,,,,,,,,,,
closed-form,1.0,,,1.0,,,,,,,,
perturb,1.0,,,,,,,,,,,
intrinsic,1.0,1.0,,,,,,,,,,
projection,1.0,,2.0,,1.0,3.0,,1.0,,,,1.0
preserving,1.0,,,,1.0,,3.0,,,1.0,,
locality,1.0,,,,,,,,,,,1.0
statistical,1.0,2.0,2.0,3.0,,,,3.0,1.0,6.0,2.0,4.0
global,1.0,,1.0,,2.0,1.0,2.0,,,1.0,1.0,2.0
hybrid,1.0,,1.0,,,,,3.0,,,1.0,
one-class,1.0,,,1.0,,,,,,,,
robust,1.0,4.0,4.0,2.0,2.0,4.0,2.0,6.0,2.0,12.0,3.0,5.0
placements,1.0,,,,,,,,,,,
sensor,1.0,,,,,,,,,,,1.0
near-optimal,1.0,,,,,,,1.0,2.0,1.0,,
comprehension,1.0,,,,,,,,,,,
story,1.0,,,,,,,,,,,
strategies,1.0,,,,,,,,,,,1.0
pixel,1.0,,,,,,,,,,,1.0
hierarchic,1.0,,,,,,,,,,,
tree-based,1.0,2.0,,,,,,,,,,
combine,1.0,1.0,1.0,,,,,,,,,
transductions,1.0,,,,,,,,,,,
technique,1.0,1.0,,,,,,,,,,1.0
general,1.0,,,,,1.0,,1.0,4.0,1.0,2.0,1.0
reducing,1.0,,,,,,,,,1.0,1.0,
respecting,1.0,,,,,,,,,,,
action,1.0,,,,1.0,1.0,1.0,,,,,1.0
multi-instance,1.0,,1.0,,1.0,,,,,,1.0,1.0
reductions,1.0,,,,,,,,,,,
limiting,1.0,,,,,,,,,1.0,,
interactions,1.0,,,1.0,,,,,,2.0,,
pairwise,1.0,,3.0,2.0,1.0,1.0,1.0,1.0,1.0,1.0,3.0,2.0
distributional,1.0,,,,,,,,,,1.0,
multi-way,1.0,,,,,,,,,,,
low-rank,1.0,1.0,,1.0,,3.0,3.0,3.0,1.0,3.0,1.0,7.0
rule,1.0,1.0,,1.0,1.0,,1.0,,,,1.0,
neighbor,1.0,1.0,1.0,1.0,,,1.0,2.0,1.0,5.0,,
nearest,1.0,1.0,,2.0,1.0,,1.0,1.0,,4.0,1.0,
condensed,1.0,,,,,,,,,1.0,,
c&rt,1.0,,,,,,,,,,,
tempering,1.0,,,,,,,,,,,
objective,1.0,,,,,,,,1.0,,,
hidden,1.0,2.0,,2.0,2.0,1.0,,2.0,2.0,4.0,2.0,1.0
apprenticeship,1.0,,,1.0,,1.0,1.0,1.0,,,,
manifolds,1.0,,1.0,,,,,1.0,,,2.0,
overfitting,1.0,,,,,,,,,,,
ordinal,1.0,1.0,1.0,,,1.0,,,,3.0,1.0,
induction,1.0,,,,,,,1.0,,,,
approaches,1.0,,,,,,,2.0,,1.0,,
preference,1.0,,,1.0,,,,,,,1.0,
image,1.0,1.0,,1.0,1.0,,,1.0,,1.0,4.0,2.0
variational,1.0,,,,2.0,2.0,4.0,6.0,2.0,5.0,11.0,9.0
experts,1.0,1.0,1.0,,1.0,1.0,,1.0,,1.0,,
minimization,1.0,,,3.0,3.0,1.0,5.0,,1.0,4.0,6.0,5.0
regret,1.0,,,,1.0,1.0,1.0,4.0,2.0,2.0,5.0,4.0
hedged,1.0,,,,,,,,,,,
height,1.0,,,,,,,,,,,
surf,1.0,,,,,,,,,,,
hmm,1.0,,,,,,,,,1.0,,1.0
ica,1.0,,,1.0,,,,,,1.0,,
pca,1.0,,1.0,1.0,,,1.0,1.0,,2.0,3.0,2.0
gestures,1.0,,,,,,,,,,,
reproduction,1.0,,,,,,,,,,,
class-discriminative,1.0,,,,,,,,,,,
descent,1.0,,,1.0,2.0,,3.0,4.0,3.0,1.0,4.0,5.0
gradient,1.0,1.0,2.0,2.0,4.0,,2.0,4.0,3.0,12.0,4.0,8.0
rank,1.0,,3.0,5.0,,1.0,,2.0,,2.0,9.0,4.0
submanifolds,1.0,,,,,,,,,,,
(d,1.0,,,,,,,,,,,
over,1.0,,,1.0,,1.0,1.0,,,2.0,4.0,1.0
bands,1.0,,,,,,,,,,,
integration,1.0,,,,,,1.0,,2.0,1.0,1.0,
evidence,1.0,,,,,,,,,,,
unsupervised,1.0,1.0,4.0,2.0,6.0,2.0,3.0,3.0,1.0,,5.0,3.0
chain,1.0,,,1.0,,,,,1.0,2.0,1.0,1.0
repeats,1.0,,,,,,,,,,,
folds,1.0,,,,,,,,,,,
source,1.0,,,,,,,1.0,,1.0,1.0,1.0
auxiliary,1.0,,,,1.0,,,,,,,1.0
samples,1.0,1.0,,1.0,,,,,,,,1.0
relative,1.0,,,,,,,,,1.0,2.0,
heteroscedastic,1.0,,1.0,,,,1.0,,,,,1.0
gibbs,1.0,,,,1.0,,,,1.0,1.0,,2.0
sample-compressed,1.0,,,,,,,,,,,
risk,1.0,,,1.0,,4.0,,1.0,1.0,1.0,4.0,2.0
pac-bayes,1.0,,,,,,2.0,,,,,
relating,1.0,,,,,,,,,1.0,,
magnetoencephalography,1.0,,,,,,,,,,,
feedback,1.0,,,,,,2.0,,,3.0,4.0,2.0
interface,1.0,,,,,,,,,,,
confidence,1.0,,1.0,,,,,,,1.0,2.0,1.0
evaluation,1.0,1.0,2.0,4.0,2.0,,1.0,1.0,,1.0,1.0,5.0
drift,1.0,,,,,,,,,1.0,,
word,1.0,,,,,,,1.0,,2.0,4.0,
obstacle,1.0,,,,,,,,,,,
speed,1.0,,,,,,1.0,,,,,
high,1.0,1.0,,2.0,,2.0,1.0,2.0,1.0,3.0,3.0,4.0
weighted,1.0,1.0,,,2.0,1.0,,,,2.0,1.0,2.0
view,1.0,1.0,1.0,1.0,,1.0,1.0,1.0,,3.0,1.0,
axiomatic,1.0,,,,,,,,,,1.0,
guarantees,1.0,,,,,,,,1.0,2.0,1.0,
upper,1.0,,,,,,,,,1.0,,
monotone,1.0,,,,1.0,,,,,,,
rtdp,1.0,,,,,,,,,,,
real-time,1.0,,,,,,,,,,,
bounded,1.0,,,2.0,,,,2.0,,,,2.0
entropy,1.0,,1.0,,,2.0,,2.0,,1.0,3.0,1.0
cross,1.0,,,1.0,,,,1.0,,,,
developmental,1.0,,,,,,,,,,,
proto-value,1.0,,,,,,,,,,,
distribution,1.0,1.0,,,,2.0,,1.0,,,2.0,3.0
burstiness,1.0,,,,1.0,,,,,,,
brain,1.0,,,,,,,1.0,,,,1.0
expert,1.0,,,1.0,,,,,,,,
adapting,1.0,1.0,,,,1.0,,,,,1.0,
output,1.0,2.0,1.0,1.0,,1.0,3.0,3.0,2.0,1.0,,1.0
boosting,1.0,3.0,3.0,1.0,2.0,3.0,3.0,1.0,3.0,5.0,2.0,
smoothed,1.0,,,,,,,,,1.0,,
category,1.0,1.0,,,,1.0,,,,,,
retrieval,1.0,1.0,1.0,1.0,1.0,,1.0,2.0,,,,1.0
terms,1.0,,,,,,,,,,,
weight,1.0,,,,,,1.0,,,,1.0,1.0
learn,1.0,,,1.0,1.0,,,,,,,1.0
evaluating,1.0,,,,,,,1.0,,,,
preconditions,1.0,,,,,,,,,,,
adaptive,1.0,1.0,2.0,1.0,2.0,2.0,4.0,6.0,4.0,5.0,5.0,3.0
fold,1.0,,,,,,,,,,,
multi-class,1.0,,,1.0,2.0,1.0,,2.0,,2.0,,
streams,1.0,,,1.0,,1.0,,,,,2.0,2.0
time-varying,1.0,,,,,,,,,,,
change,1.0,,,,,1.0,,1.0,,1.0,,1.0
martingale,1.0,,,,,,,,,,,
class,1.0,,1.0,,2.0,,,1.0,,3.0,1.0,
two-class,1.0,,,,,,,,,,,
algorithm,1.0,2.0,7.0,4.0,2.0,7.0,4.0,7.0,4.0,11.0,7.0,5.0
boosted,1.0,,,,,1.0,,,,,1.0,1.0
additive,1.0,,,1.0,,,1.0,2.0,1.0,1.0,1.0,1.0
augmented,1.0,,,,,1.0,1.0,1.0,,,,
logic,1.0,,1.0,1.0,2.0,1.0,,,,1.0,,
partition,1.0,,,,,,1.0,1.0,,,,1.0
aspects,1.0,,,,,,,,,,,
biased,1.0,1.0,,,,,,1.0,,,,
svms,1.0,3.0,,2.0,1.0,2.0,,,1.0,,,1.0
tool,1.0,,,,,,,,,,,
effective,1.0,,1.0,,,,,,,1.0,,
lars,1.0,,,,,,,,,,,
tight,1.0,,,,,1.0,,,,,,
mdps,1.0,,1.0,,1.0,1.0,1.0,2.0,,2.0,,
factored,1.0,1.0,,,2.0,,1.0,1.0,,,1.0,1.0
causal,1.0,,1.0,1.0,2.0,3.0,,2.0,,1.0,2.0,
actions,1.0,,,,,,,,,,,
percepts,1.0,,,,,,,,,,,
mappings,1.0,,1.0,,,,,,,,,
interactive,1.0,,,,1.0,1.0,,,,1.0,,1.0
correlation,1.0,,1.0,1.0,1.0,,,1.0,2.0,2.0,2.0,3.0
measures,1.0,,,,1.0,,,5.0,,1.0,2.0,1.0
multivariate,1.0,,1.0,,,,,2.0,1.0,1.0,2.0,3.0
non-linear,1.0,,1.0,,1.0,,1.0,1.0,1.0,3.0,1.0,2.0
topic,,4.0,,1.0,6.0,3.0,2.0,4.0,5.0,4.0,4.0,1.0
multiclass,,4.0,4.0,2.0,,1.0,2.0,1.0,,3.0,1.0,1.0
features,,4.0,,4.0,1.0,,1.0,3.0,4.0,1.0,1.0,2.0
stochastic,,3.0,,,4.0,1.0,3.0,13.0,5.0,21.0,17.0,20.0
approximation,,3.0,3.0,6.0,2.0,3.0,3.0,1.0,3.0,8.0,3.0,5.0
invariant,,2.0,,,,,,1.0,1.0,,1.0,
under,,2.0,,,,2.0,1.0,3.0,1.0,7.0,4.0,4.0
discrete,,2.0,,,,,1.0,1.0,2.0,2.0,,4.0
solution,,2.0,,1.0,1.0,,3.0,,,,1.0,
noise,,2.0,,1.0,,1.0,1.0,,2.0,3.0,,2.0
fisher,,2.0,,,,,1.0,1.0,,1.0,1.0,1.0
batch,,2.0,1.0,1.0,1.0,,,3.0,1.0,,1.0,
transfer,,2.0,3.0,3.0,3.0,4.0,1.0,1.0,1.0,1.0,3.0,
observable,,2.0,,,,1.0,,1.0,1.0,1.0,1.0,
test,,2.0,3.0,1.0,,,,1.0,,3.0,1.0,2.0
temporal,,2.0,,3.0,2.0,4.0,2.0,2.0,,1.0,1.0,1.0
rate,,2.0,,,,1.0,1.0,1.0,1.0,1.0,4.0,2.0
training,,2.0,4.0,6.0,3.0,1.0,3.0,4.0,2.0,,5.0,5.0
combination,,2.0,,1.0,,,,,,,,
suffix,,2.0,,,1.0,,,,,,,
partially,,2.0,,,2.0,2.0,1.0,1.0,1.0,1.0,3.0,
priors,,2.0,,1.0,2.0,1.0,1.0,1.0,,,,
constraints,,2.0,4.0,,2.0,,1.0,,,4.0,2.0,3.0
map,,2.0,1.0,1.0,1.0,1.0,2.0,2.0,,1.0,1.0,
multiple-instance,,2.0,,,,1.0,,,,,,
direct,,1.0,1.0,1.0,1.0,,,,1.0,1.0,,2.0
policy,,1.0,,2.0,2.0,2.0,5.0,4.0,1.0,3.0,4.0,5.0
multiscale,,1.0,1.0,1.0,,1.0,,1.0,,,,
field,,1.0,,,,1.0,,,,,1.0,
boost,,1.0,,,1.0,,,,,,,
correlations,,1.0,,,,,,,,,,
also,,1.0,,,,,,,,,,
can,,1.0,,,,,1.0,,,,1.0,
how,,1.0,,,,,,1.0,,,2.0,2.0
one-dependence,,1.0,,,,,,,,,,
averaged,,1.0,,,,,,,,,,
multi-type,,1.0,,,,,,,,,,
combined,,1.0,,,,,,,,,,
central,,1.0,,,,,,1.0,,,,
quadratic,,1.0,,,,,2.0,,,,1.0,1.0
categorization,,1.0,,,,1.0,,,,,,2.0
relaxations,,1.0,1.0,1.0,1.0,,1.0,1.0,1.0,1.0,,2.0
constructing,,1.0,1.0,,,1.0,,,,,,
planning,,1.0,,,1.0,,,2.0,,1.0,1.0,
images,,1.0,1.0,,1.0,,1.0,2.0,,,1.0,1.0
optimized,,1.0,,1.0,1.0,,,,,,,
high-order,,1.0,,,,,,,,,,
complexity,,1.0,1.0,,,1.0,,2.0,,1.0,1.0,2.0
observation,,1.0,,,,,,1.0,,,,
task,,1.0,,,,,1.0,4.0,1.0,,,1.0
mrf,,1.0,,,,,,,,,,
color,,1.0,,,,,,,,,,
latency,,1.0,,,,,,,,,,
cn=cpcn,,1.0,,,,,,,,,,
decoding,,1.0,,,,,,,,,,
impersonate,,1.0,,,,,,,,,,
lda,,1.0,,,1.0,,,1.0,,,1.0,
embeddings,,1.0,,,1.0,1.0,1.0,2.0,,1.0,3.0,6.0
k-means,,1.0,1.0,,1.0,,,1.0,,1.0,2.0,3.0
optimum,,1.0,,,,,,,,,,
ordered,,1.0,1.0,,1.0,,,,,1.0,1.0,1.0
trade,,1.0,,,,,,,,,,
uniqueness,,1.0,,1.0,,,,,,,,
missl,,1.0,,,,,,,,,,
elimination,,1.0,,,,,,,,,,1.0
lazy,,1.0,,,,,,,,,,
analytic,,1.0,,,1.0,,2.0,,,,,
diffusion,,1.0,,,,,2.0,2.0,1.0,3.0,,
up,,1.0,,,,,1.0,1.0,,3.0,1.0,1.0
speeding,,1.0,,,,,,,,,,1.0
boundary,,1.0,,,,,,,,,,
pruning,,1.0,,,,,1.0,,,,,
execution,,1.0,,,,,,,,,,
bugs,,1.0,,,,,,,,,,
universum,,1.0,,,,,,,,,,
infer,,1.0,,,,,,,,,,
reduced-set,,1.0,,,,,,,,,,
substructure,,1.0,,,,,,,,,,
solving,,1.0,1.0,1.0,,,,,,,,1.0
dimensional,,1.0,,,,2.0,,1.0,1.0,1.0,2.0,3.0
input,,1.0,,,,,,,1.0,1.0,,
arrays,,1.0,,,,,,,,,,
string,,1.0,,,,,,,,,2.0,
weighting,,1.0,,,,,,,,,,
multi-population,,1.0,,,,,,,,,,
relief,,1.0,,,,,,,,,,
iterative,,1.0,,,1.0,,,1.0,2.0,,,1.0
haplotype,,1.0,,,,,,,,,,
predictors,,1.0,,,,,,,,,,
null,,1.0,,,,,,,,,,
full,,1.0,1.0,,,,,,,,,
bandit,,1.0,1.0,1.0,1.0,2.0,2.0,2.0,2.0,5.0,2.0,4.0
mining,,1.0,,,1.0,2.0,,,,,,
label,,1.0,1.0,1.0,2.0,2.0,,3.0,1.0,4.0,,2.0
corrective,,1.0,,,,,,,,,,
totally,,1.0,,,,,,,,,,
options,,1.0,,,1.0,,1.0,,,2.0,1.0,
path,,1.0,2.0,1.0,,,1.0,3.0,,2.0,2.0,
two-dimensional,,1.0,,,,,,,,,,
neighborhoods,,1.0,,,,,,,,,,
propagation,,1.0,,1.0,2.0,1.0,1.0,1.0,1.0,2.0,1.0,3.0
series,,1.0,1.0,1.0,1.0,1.0,1.0,1.0,3.0,4.0,2.0,3.0
bag-of-words,,1.0,,,,,,,,,,
numerosity,,1.0,,,,,,,,,,
duality,,1.0,,,,,,,,,1.0,1.0
accelerated,,1.0,,,2.0,1.0,,,,3.0,1.0,1.0
irrelevant,,1.0,,,,,1.0,,,,,
detecting,,1.0,,1.0,1.0,1.0,,1.0,,1.0,,
associative,,1.0,,,,,,,1.0,,,1.0
orthogonal,,1.0,1.0,,,,1.0,,,1.0,,1.0
complex,,1.0,1.0,,3.0,,1.0,,1.0,3.0,2.0,2.0
block-quantized,,1.0,,,,,,,,,,
mechanism,,1.0,,,,,,,,,,
measurement,,1.0,1.0,,,,,,,1.0,,
permutation,,1.0,,,,,,,,1.0,,1.0
testing,,1.0,,,,,,3.0,,2.0,,3.0
acquisition,,1.0,,1.0,,,,,,,1.0,
cost-sensitive,,1.0,,1.0,,2.0,1.0,,1.0,2.0,,
deterministic,,1.0,,,,,,2.0,,2.0,3.0,
maximize,,1.0,,,1.0,,,1.0,,,,
controlled,,1.0,1.0,,,1.0,,,,,,
debugging,,1.0,,,,,,,,,,
linear-gaussian,,1.0,,,,,,,,,,
adtrees,,1.0,,,,,,,,,,
update,,1.0,,,,,,,,,,
trajectories,,1.0,,1.0,2.0,,,,,,,1.0
simultaneous,,1.0,,,,,1.0,,1.0,1.0,,1.0
annealing,,1.0,,,,,,,,,,1.0
experience-efficient,,1.0,,,,,,,,,,
informational,,1.0,,,,,,,,,,
model-free,,1.0,,1.0,1.0,,,,,,,2.0
pac,,1.0,,,,,,1.0,,1.0,,2.0
go,,1.0,,,,,,,,,1.0,
game,,1.0,1.0,1.0,,1.0,,,,1.0,1.0,
move,,1.0,,,,,,,,,,
pattern,,1.0,,1.0,,,,,,,,
limits,,1.0,,,,,,,,,2.0,2.0
dag-structured,,1.0,,,,,1.0,,,,,
subset,,1.0,,,,,1.0,1.0,,,3.0,1.0
investigation,,1.0,,,,,,,,,,
system,,1.0,,,,2.0,1.0,1.0,,,2.0,1.0
filters,,1.0,,,,,,,,1.0,1.0,
interfaces,,1.0,,,,,,,,,,
design,,1.0,,2.0,1.0,1.0,,3.0,1.0,1.0,,2.0
brain-computer,,1.0,,,,,,,,,,
eeg,,1.0,,,,,,1.0,,,,
classifying,,1.0,1.0,,1.0,,,,,,,
bias,,1.0,,,,,,,,1.0,,1.0
segmentation,,1.0,,,1.0,1.0,,,,,2.0,
compression,,1.0,3.0,,,,,,,1.0,,
allocation,,1.0,1.0,,,,,1.0,1.0,3.0,1.0,
principal-agent,,1.0,,,,,,,,,,
factorizations,,1.0,,,,,,,,,,1.0
cluster,,1.0,2.0,,,,1.0,,,1.0,,
curves,,1.0,,1.0,,,1.0,,,,,
precision-recall,,1.0,,,1.0,,,1.0,1.0,,,
relationship,,1.0,,,,,,,,,1.0,
uncertainty,,1.0,,,1.0,1.0,,2.0,,,2.0,1.0
piloted,,1.0,1.0,,,,,,,,,
locally,,1.0,,,,,1.0,2.0,,,,1.0
context,,1.0,,,,,,1.0,,1.0,2.0,
environments,,1.0,1.0,,1.0,,,1.0,,,2.0,
non-stationary,,1.0,,,,,,,,1.0,1.0,
dealing,,1.0,,,,,,,,,1.0,
online),,1.0,,,,,,,,,,
goods,,1.0,,,,,,,,,,
selling,,1.0,,,,,1.0,,,,,
class-conditional,,1.0,,,,,,,,,,
documents,,1.0,,,,,,,,1.0,,
qualitative,,1.0,,,,,,,,,1.0,
multinomial,,1.0,,,,,1.0,,,,,
compound,,1.0,,,,1.0,,,,,,1.0
exponential-family,,1.0,,,,,,,,,,
user,,1.0,,,,,,,,1.0,,1.0
component,,1.0,2.0,2.0,1.0,,,,3.0,3.0,2.0,4.0
principal,,1.0,1.0,1.0,1.0,,,1.0,1.0,2.0,1.0,3.0
l1-norm,,1.0,,,,,,,,1.0,,
rotational,,1.0,,,,,,,,,,
r1-pca,,1.0,,,,,,,,,,
objects,,1.0,,,1.0,,,,,1.0,,
sets,,1.0,,,,,2.0,,,,3.0,
(and,,1.0,,,,,,,,1.0,,
scalability,,1.0,,,,,,,,,,
hypothesis,,1.0,,,,1.0,,1.0,,,1.0,2.0
convexity,,1.0,,,,,,1.0,,,,2.0
cover,,1.0,,,,1.0,,,,,1.0,
fitting,,1.0,,,1.0,,,,,,,
techniques,,1.0,1.0,,,,,,,1.0,,
convex,,1.0,2.0,4.0,2.0,,6.0,8.0,6.0,4.0,7.0,5.0
similarity,,1.0,4.0,,,,,2.0,,,,2.0
theory,,1.0,,1.0,,2.0,,,,2.0,2.0,4.0
agnostic,,1.0,1.0,,,,,,,1.0,,
driven,,1.0,,,,,,,,,,
difference,,1.0,,2.0,1.0,3.0,1.0,1.0,,,,
dc-programming,,1.0,,,,,,,,,,
projections,,1.0,1.0,2.0,1.0,,1.0,1.0,1.0,2.0,1.0,2.0
higher,,1.0,,,1.0,,,,,,,
newton,,1.0,1.0,,,1.0,,,1.0,,,1.0
management,,1.0,,,,,,,,,,1.0
portfolio,,1.0,,,,,,1.0,,,,
blurring,,1.0,,,,,,,,,,
trading,,1.0,,1.0,,,,,,2.0,,
continuation,,1.0,,,,,,,,1.0,,
euclidean,,1.0,,,1.0,,,1.0,,,,1.0
mean-shift,,1.0,,,,,,,,,,
nonparametric,,1.0,1.0,2.0,5.0,5.0,1.0,7.0,1.0,3.0,6.0,5.0
likelihood,,1.0,,4.0,,,,1.0,,,1.0,
variables,,1.0,,,2.0,,1.0,1.0,1.0,2.0,1.0,
squares,,1.0,1.0,1.0,1.0,1.0,1.0,,1.0,2.0,1.0,2.0
least,,1.0,1.0,1.0,1.0,1.0,1.0,,,3.0,1.0,2.0
co-regularized,,1.0,,,,,,1.0,,,,
policies,,1.0,,1.0,2.0,,1.0,1.0,,2.0,,
non-blind,,1.0,,,,,,,,,,
interclass,,1.0,,,,,,,,,,
sharing,,1.0,,,,1.0,,,,,,
pachinko,,1.0,1.0,,,,,,,,,
shaping,,1.0,1.0,,,,,,,,1.0,
autonomous,,1.0,,1.0,,,,,,,,
particles,,1.0,,,,,,,,1.0,1.0,
million,,1.0,,,,,,,,,,
had,,1.0,,,,,,,,,,
i,,1.0,,,,,,,,,,
if,,1.0,,,,,,,,,,
smoothing,,1.0,,,,,,2.0,,,,
particle,,1.0,,,,1.0,,,,1.0,,1.0
pareto,,1.0,,,,,,,,,,1.0
handwriting,,1.0,,,,,,,,,,
personalized,,1.0,,,,,1.0,,,,1.0,1.0
construction,,1.0,1.0,,2.0,2.0,1.0,,,1.0,,1.0
basis,,1.0,2.0,,1.0,,1.0,,,1.0,,1.0
automatic,,1.0,1.0,2.0,,,3.0,1.0,,,,1.0
inaccurate,,1.0,,,,,,,,,,
association,,1.0,,,,,,,,,,
intensity,,1.0,,1.0,,,,,,,,
tracking,,1.0,2.0,,,,2.0,,1.0,2.0,2.0,1.0
estimates,,1.0,,1.0,,,1.0,1.0,,,1.0,1.0
repartitioning,,1.0,,,,,,,,,,
region-based,,1.0,,,,,,,,,,
nonstationary,,1.0,,,,,,,,,,
energy,,1.0,,,,,2.0,,,,,3.0
dense,,1.0,,,,,,,,1.0,,
variance,,1.0,,1.0,,,,2.0,1.0,,1.0,3.0
query-specific,,1.0,,,,,,,,,,
knowledge-based,,1.0,,,,,,,,,,
simpler,,1.0,1.0,,2.0,,1.0,,,,,
back,,1.0,,,,,,,,,,
gp-lvm,,1.0,,,,,,,,,,
preservation,,1.0,,,,,,,,,,
matrices,,1.0,2.0,,,3.0,,2.0,,4.0,4.0,4.0
relatedness,,1.0,,,,,,,,,,1.0
comparisons,,1.0,1.0,,,,,,,1.0,2.0,1.0
optimised,,1.0,,,,,,,,,,
group,,1.0,,,1.0,4.0,1.0,1.0,1.0,1.0,,1.0
connectionist,,1.0,,,,,,,,,,
infinitely,,1.0,,,,,,,,,1.0,
choice,,1.0,,,,,,,,,,1.0
deletion,,1.0,,,,,,,,,,
at,,1.0,,,,1.0,,,,,4.0,
nightmare,,1.0,,,,,,,,,,
kernelizing,,1.0,1.0,,,,,,,,,
poisson,,1.0,,,1.0,,,,,1.0,2.0,3.0
consistent,,1.0,,1.0,1.0,,,2.0,,3.0,4.0,
responses,,1.0,,,,,,,,,,
note,,1.0,,,,,,,,,,
labelling,,1.0,,,,,,,,,,
unsegmented,,1.0,,,,,,,,,,
recurrent,,1.0,,,1.0,,2.0,,,3.0,3.0,5.0
small,,1.0,1.0,,,,,,,,1.0,1.0
individuals,,1.0,,,,,,,,,,
medical,,1.0,,,,,,,,,,
its,,1.0,,1.0,2.0,1.0,,1.0,,4.0,2.0,2.0
mode,,1.0,,,,1.0,,,1.0,,,
looping,,1.0,,,,,,,,,,
size,,1.0,,1.0,,,,1.0,,,,
neural,,1.0,,1.0,1.0,1.0,3.0,3.0,1.0,7.0,11.0,20.0
cut,,1.0,,,,,,,1.0,,,2.0
transpose,,1.0,,,,,,,,,,
dominance,,1.0,,,,,,,,,,
diagonal,,1.0,,,,,,,,1.0,,1.0
solutions,,1.0,,1.0,,,,,,,1.0,1.0
estimators,,1.0,,1.0,,,,1.0,,2.0,,2.0
multi-task,,,4.0,3.0,1.0,4.0,2.0,2.0,,2.0,3.0,2.0
dimension,,,3.0,,,1.0,,,,1.0,,1.0
walks,,,2.0,,,,,,,,,
coding,,,2.0,,1.0,2.0,2.0,3.0,2.0,1.0,2.0,
log-linear,,,2.0,,,,,,,,,
dependence,,,2.0,2.0,1.0,,,1.0,1.0,1.0,,1.0
subspaces,,,2.0,,,,,,,,,
large-scale,,,2.0,1.0,3.0,2.0,4.0,1.0,3.0,3.0,7.0,4.0
piecewise,,,2.0,,,,1.0,,,,,
dependent,,,2.0,,,2.0,,2.0,1.0,2.0,4.0,
generation,,,2.0,,,,,3.0,1.0,,2.0,
positive,,,2.0,,,,,,,1.0,2.0,1.0
invention,,,2.0,,,,,,,,,
minimax,,,2.0,,,,1.0,,,2.0,1.0,1.0
consistency,,,2.0,,1.0,1.0,,,,2.0,,1.0
manifold,,,2.0,3.0,,,3.0,3.0,1.0,2.0,1.0,1.0
sample,,,2.0,,,,,1.0,,2.0,1.0,1.0
beam,,,1.0,1.0,,,1.0,,,,,
operational,,,1.0,,,,,,,,,
reward-weighted,,,1.0,,,,,,,,,
queries,,,1.0,1.0,,,,,,1.0,,
value-function,,,1.0,1.0,,,,,,,,
control,,,1.0,1.0,1.0,3.0,1.0,2.0,1.0,,1.0,6.0
analyzing,,,1.0,,1.0,,,1.0,,,,
dynamics,,,1.0,,,1.0,2.0,1.0,1.0,2.0,1.0,1.0
distances,,,1.0,1.0,1.0,,,1.0,,,3.0,1.0
efficiency,,,1.0,,,,,,,,,
filtering,,,1.0,,2.0,1.0,,2.0,,1.0,1.0,1.0
boltzmann,,,1.0,2.0,1.0,3.0,1.0,1.0,2.0,1.0,1.0,1.0
restricted,,,1.0,2.0,2.0,2.0,1.0,1.0,,1.0,1.0,1.0
indices,,,1.0,,,,,,1.0,,,
more,,,1.0,,1.0,,,,,,,2.0
changing,,,1.0,,1.0,,1.0,,,1.0,1.0,
self-taught,,,1.0,1.0,,,,,,,,
localization,,,1.0,,,,,,1.0,,1.0,
improve,,,1.0,,1.0,1.0,,1.0,,,,
arms,,,1.0,,,1.0,,,,,,
multifactor,,,1.0,,,,,,,,,1.0
texts,,,1.0,,,,,,,,,
three,,,1.0,,,,,,,,,
noisy-channel,,,1.0,,,,,,,,,
flexible,,,1.0,,,1.0,,2.0,,,,
topics,,,1.0,,,,,,,1.0,,
bottom-up,,,1.0,,,1.0,,,,,,
contours,,,1.0,,,,,,,,,
shape,,,1.0,,,,,,,,,
stick-breaking,,,1.0,1.0,,1.0,1.0,,,,1.0,
revisiting,,,1.0,,,,,1.0,1.0,,,1.0
their,,,1.0,,,,,,1.0,1.0,1.0,
dependency,,,1.0,,,,,1.0,,,1.0,
points,,,1.0,,,,,,,2.0,,
separability,,,1.0,,,,,,,,1.0,
state-action,,,1.0,,,,,,,,,
nested,,,1.0,,,,,,,1.0,1.0,
ihmms,,,1.0,,,,,,,,,
extensions,,,1.0,,,,,,,,,
multi-armed,,,1.0,1.0,,,,2.0,2.0,,2.0,3.0
relation,,,1.0,,,,,,,,,
microarray,,,1.0,,,1.0,,,,,,
perspectives,,,1.0,,,,,,,,1.0,
paths,,,1.0,,,,,,,1.0,1.0,
made,,,1.0,,,,,,,,1.0,
entire,,,1.0,,,,,,,,,
balls,,,1.0,,,,,1.0,,,,
are,,,1.0,,,1.0,,,,1.0,,2.0
enclosing,,,1.0,,,,,,,,,
mistakes,,,1.0,,,,,,,,,
number,,,1.0,,,,,,,2.0,,
dissimilarity,,,1.0,,,,,,,,,
imbalanced,,,1.0,,,,,,,,,
interpretations,,,1.0,,,,,,,,,
rooted,,,1.0,,,,,,,,,
separation,,,1.0,,,,,1.0,,,,
relations,,,1.0,,,,,,,,1.0,1.0
inter-manifold,,,1.0,,,,,,,,,
semidefinite,,,1.0,1.0,,,,1.0,,1.0,,
proportional,,,1.0,,,,,,,,,
towards,,,1.0,,,,1.0,,,4.0,2.0,1.0
aggregation,,,1.0,1.0,,1.0,,,,1.0,2.0,1.0
t-processes,,,1.0,,,,,,,,,
hypergraphs,,,1.0,,,,,,,,,
huberized,,,1.0,,,,,,,,,
different,,,1.0,,,,,,,,,
incremental,,,1.0,1.0,,,1.0,,,1.0,,
cross-domain,,,1.0,,,,,1.0,,,1.0,
asymptotic,,,1.0,1.0,,1.0,,1.0,,,,
d.c.,,,1.0,,,,,,,,,
views,,,1.0,,,1.0,,,,,,
when,,,1.0,1.0,2.0,,,,,3.0,,
eigen,,,1.0,,,,,,,,,
beamforming,,,1.0,,,,,,,,,
max-sum,,,1.0,,,,,,,,,
solver,,,1.0,,,,,,,3.0,1.0,
sub-gradient,,,1.0,,,,,,,,,
estimated,,,1.0,1.0,,,,,,,,
primal,,,1.0,,1.0,,,,,1.0,,1.0
pegasos,,,1.0,,,1.0,,,,,,
style-content,,,1.0,,,,,,,,,
arc,,,1.0,,,,,,,,,
decreased,,,1.0,,,,,,,,,
distortion,,,1.0,,,,,,,,,
stationary,,,1.0,,,,,,,,,
winnowing,,,1.0,,,,,,,,,
role,,,1.0,,,1.0,,,,,,
minimal,,,1.0,,,,1.0,1.0,,1.0,,
pseudolikelihood,,,1.0,1.0,,,,,,,,
kernel-based,,,1.0,1.0,,,,1.0,,,,1.0
solve,,,1.0,,,,,,,,,
errors,,,1.0,,,,,,,,1.0,1.0
what,,,1.0,1.0,,,,,,,,
presence,,,1.0,1.0,1.0,,,,,1.0,1.0,
quantum,,,1.0,,,,,1.0,,,,
uct,,,1.0,,,,,,,,,
offline,,,1.0,,,,,,,1.0,,
manifold-adaptive,,,1.0,,,,,,,,,
ssl,,,1.0,,,,,,,,,
carpediem,,,1.0,,,,,,,,,
non-isometric,,,1.0,,,,,,,,,
integrated,,,1.0,,,,,,,,,
influences,,,1.0,,,,,,,,,
citation,,,1.0,,,,1.0,,,,,
mdp,,,1.0,,,,,,,,,
uncertain,,,1.0,,,,,,,1.0,,
percentile,,,1.0,,,,,,,,,
activity,,,1.0,,,,,,,,,1.0
drug,,,1.0,,,,,1.0,,,,
successive,,,1.0,1.0,,,,,,,,
1-dimensional,,,1.0,,,,,,,,,
laplacian,,,1.0,,,,,,,1.0,,
cardinality-based,,,1.0,,,,,,,,,
rewiring,,,1.0,,,,,,,,,
temporally,,,1.0,,,,,,,,,
recovering,,,1.0,,,,,,,1.0,1.0,
heuristic,,,1.0,,,,,,,,,
centroid-medoid,,,1.0,,,,,,,,,
hybridized,,,1.0,,,,,,,,,
both,,,1.0,1.0,,,,,,1.0,,
best,,,1.0,,,,,,,,,
exponentiated,,,1.0,,,,,,,1.0,,
actor-critic,,,1.0,,,,,1.0,,1.0,,
spaces,,,1.0,1.0,,,,,,1.0,,
kernelized,,,1.0,,1.0,,,1.0,,,,1.0
eigenmaps,,,1.0,,,,,,,,,
information-theoretic,,,1.0,,,,,1.0,,2.0,,1.0
potentials,,,1.0,,,,1.0,,,,,
efficiently,,,1.0,2.0,,1.0,,,,1.0,,
larank,,,1.0,,,,,,,,,
differing,,,1.0,,,,,,,,,
alignment,,,1.0,1.0,,,1.0,,1.0,,,1.0
solvers,,,1.0,1.0,,,,1.0,,,,
crawling,,,1.0,,,,,,,,,
intractability,,,1.0,,,,,,,,,
focussed,,,1.0,,,,,,,,,
rendezvous,,,1.0,,,,,,,,,
l1-regularized,,,1.0,,,,1.0,1.0,,2.0,,1.0
two-view,,,1.0,,,,,,,,,
structures,,,1.0,,1.0,,1.0,1.0,,2.0,2.0,
shared,,,1.0,,1.0,,,,,,,
uncovering,,,1.0,,,,1.0,,,,,
nodes,,,1.0,,,,,,,,,
expected-size,,,1.0,,,,,,,,,
regions,,,1.0,,,,,,,,,
magnitude-preserving,,,1.0,,,,,,,,,
video,,,1.0,,1.0,,1.0,,,,1.0,1.0
compress,,,1.0,,,,,,,,,
classifications,,,1.0,,,,,,,,,
set,,,1.0,1.0,,1.0,,1.0,1.0,,1.0,
reference,,,1.0,,,,,,,,,
minimum,,,1.0,,,,2.0,,,,1.0,1.0
listwise,,,1.0,1.0,1.0,,,,,,,
heterogeneous,,,1.0,,,1.0,,1.0,,,,
bags,,,1.0,,,,1.0,,,,,
clique,,,1.0,,,,,,,,,
streaming,,,1.0,,,1.0,,,,,2.0,
novel,,,1.0,,1.0,,,,,,1.0,
quadratically,,,1.0,,,,,,,,,
dp,,,1.0,,,,,,,,,
sampler,,,1.0,,,,,,,1.0,,1.0
permutation-augmented,,,1.0,,,,,,,,,
pomdps,,,1.0,1.0,,,,1.0,,,,
belief,,,1.0,1.0,2.0,2.0,,,,1.0,1.0,2.0
nmf-based,,,1.0,,,,,,,,,
agony,,,1.0,,,,,,,,,
meta-level,,,1.0,,,,,,,,,
rlsc,,,1.0,,,,,,,,,
multiplication,,,1.0,,,,,,,,,
kronecker,,,1.0,,,,,,,,1.0,
real,,,1.0,,,,,1.0,,,,
related,,,1.0,,,,,1.0,,1.0,,
gated,,,1.0,,,,,,2.0,,1.0,
trust,,,1.0,,1.0,,,,,,1.0,
simple,,,1.0,,2.0,2.0,,2.0,,1.0,2.0,6.0
graphics,,,1.0,1.0,1.0,,,,,,,
3d,,,1.0,,,1.0,,1.0,,,,
mesh,,,1.0,,,,,,,,,
measure,,,1.0,1.0,,,1.0,1.0,,1.0,,
symmetric,,,1.0,,,,,,,,2.0,
region,,,1.0,,,,,1.0,,,1.0,1.0
prior,,,1.0,,,,,1.0,,1.0,2.0,
variation,,,1.0,,,1.0,1.0,1.0,,2.0,,1.0
email,,,1.0,,1.0,,,1.0,,,,
message,,,1.0,,,,1.0,,1.0,,2.0,1.0
geometry,,,1.0,,,,,,,1.0,1.0,
likely,,,1.0,,,,,,,,,
most,,,1.0,,,,,1.0,,1.0,,1.0
sensing,,,1.0,2.0,,,,,,1.0,2.0,
factors,,,1.0,,,,,1.0,,2.0,,
compressive,,,1.0,1.0,,,,,,2.0,,1.0
bound,,,1.0,,,,,2.0,,2.0,2.0,1.0
passing,,,1.0,,,,1.0,,1.0,,2.0,1.0
recursive,,,1.0,,,,1.0,,,,1.0,
infinite,,,1.0,2.0,,,4.0,3.0,1.0,2.0,,1.0
components,,,1.0,,,,,1.0,,1.0,1.0,1.0
architectures,,,1.0,,,,,,1.0,,1.0,3.0
deep,,,1.0,4.0,4.0,5.0,6.0,3.0,1.0,10.0,12.0,22.0
updates,,,1.0,,1.0,,1.0,1.0,,,,
entropic,,,1.0,1.0,,,,,,,1.0,
non-diagonal,,,1.0,,,,,,,,,
one,,,1.0,,,2.0,,,,4.0,,
exploration--exploitation,,,1.0,,,,,,,,,
nonmyopic,,,1.0,,,,,,,1.0,,
freedom,,,1.0,,,,,,,,,
degrees,,,1.0,,,,,,,,,
pls,,,1.0,,,,,,,,,
predicate,,,1.0,,,,,,,,,
exact,,,,3.0,,,,2.0,,1.0,,1.0
partial,,,,2.0,1.0,,1.0,2.0,1.0,2.0,,2.0
matching,,,,2.0,,,1.0,6.0,,1.0,1.0,2.0
stopping,,,,2.0,,,,,,,,
convolution,,,,2.0,,,,,,,,1.0
em,,,,2.0,,,,1.0,,,,
multi-view,,,,2.0,1.0,,3.0,2.0,1.0,1.0,2.0,1.0
knows,,,,2.0,,,,,,,,
reproducing,,,,2.0,,,,,,,,
transduction,,,,2.0,,,1.0,,,,,
diverse,,,,2.0,,1.0,,,,1.0,,
maxq,,,,2.0,,,,,,,,
dimensions,,,,2.0,,1.0,1.0,1.0,1.0,,,1.0
unified,,,,2.0,3.0,1.0,1.0,1.0,1.0,2.0,1.0,
advice,,,,2.0,,,,,,1.0,,
stability,,,,2.0,1.0,,,1.0,1.0,1.0,,3.0
composite,,,,2.0,,,,1.0,1.0,1.0,1.0,
bootstrap,,,,2.0,,,,1.0,,,,
all,,,,2.0,,,,,,,,
linear-linear,,,,1.0,,,,,,,,
following,,,,1.0,,,,,,1.0,1.0,
democratic,,,,1.0,,,,,,,,
bi-level,,,,1.0,,,,,,,,
lexicographic,,,,1.0,,,,,,,,
bolasso,,,,1.0,,,,,,,,
preconditioned,,,,1.0,,,,,,,,1.0
schemes,,,,1.0,,,,,1.0,1.0,,
rounding,,,,1.0,,,,,1.0,,,
convergence,,,,1.0,,3.0,,3.0,1.0,6.0,8.0,3.0
quasi-newton,,,,1.0,,,,1.0,,1.0,1.0,1.0
proximal,,,,1.0,1.0,1.0,,,2.0,2.0,3.0,1.0
programs,,,,1.0,1.0,2.0,1.0,,1.0,,,
graph-structured,,,,1.0,,,,,,,1.0,
message-passing,,,,1.0,,,,,,,,
validated,,,,1.0,,,,,,,,
max-margin,,,,1.0,,1.0,1.0,1.0,1.0,3.0,1.0,
accurate,,,,1.0,,,,2.0,,1.0,2.0,2.0
datasets,,,,1.0,,2.0,,,,,2.0,
quantile,,,,1.0,,,,1.0,,,,
quantitative,,,,1.0,,,,,,,,
privacy-preserving,,,,1.0,,,,,,,,
context-dependent,,,,1.0,,,,1.0,,,,
clouds,,,,1.0,,,,,,,,
grouplasso,,,,1.0,,,,,,,,
implementations,,,,1.0,,,,,,,,
rhythms,,,,1.0,,,,,,,,
qp,,,,1.0,,,,,,,,
sdp,,,,1.0,,,,,,,,
dissimilarities,,,,1.0,,,,,,,,
perceptron,,,,1.0,1.0,1.0,,1.0,,1.0,,
projectron,,,,1.0,,,,,,,,
accuracies,,,,1.0,,,,,,,,
exemplar-based,,,,1.0,,,,,,,1.0,
optimums,,,,1.0,,,,,,,,
hiv,,,,1.0,,,,,,,,
decoupled,,,,1.0,,,,,,,,
therapy,,,,1.0,,,,,,,,
screening,,,,1.0,,,,,,1.0,2.0,1.0
symmetries,,,,1.0,,,,,,,,
chance,,,,1.0,1.0,,,,,1.0,,
collections,,,,1.0,,1.0,,,,,,
bandits,,,,1.0,1.0,1.0,1.0,4.0,2.0,8.0,6.0,9.0
improved,,,,1.0,1.0,1.0,,4.0,,2.0,1.0,1.0
nonsmooth,,,,1.0,,,,1.0,,,,
rankings,,,,1.0,,2.0,,,1.0,,1.0,
lasso,,,,1.0,3.0,3.0,,2.0,,2.0,1.0,2.0
proportions,,,,1.0,,,,,,,,
labels,,,,1.0,,,,1.0,,2.0,1.0,
subsets,,,,1.0,,,,,,,,
nystrom,,,,1.0,,1.0,,1.0,,,2.0,3.0
patterns,,,,1.0,,,,,,,,
gaze,,,,1.0,,,,,,,,
criteria,,,,1.0,,,,1.0,,,,
proximity,,,,1.0,,,,,,,,1.0
product,,,,1.0,,,,,,,2.0,1.0
inverting,,,,1.0,,,,,,,,
semi-parametric,,,,1.0,,,,,,,,
value-at-risk,,,,1.0,,,,,,,,
nu-support,,,,1.0,,,,,,,,
optimism,,,,1.0,,,,,,1.0,,
faces,,,,1.0,,,,,,,1.0,
topologically-constrained,,,,1.0,,,,,,,,
canonical,,,,1.0,1.0,,,2.0,2.0,1.0,1.0,2.0
formulation,,,,1.0,2.0,,,2.0,,,1.0,
family,,,,1.0,,,,,,1.0,,1.0
nonstationarity,,,,1.0,,,,,,,,
groves,,,,1.0,,,,,,,,
viterbi,,,,1.0,,,,,,,,
alternating,,,,1.0,,,,1.0,2.0,5.0,2.0,2.0
mixture-model,,,,1.0,,,,,,,,
p-posterior,,,,1.0,,,,,,,,
compositional,,,,1.0,1.0,,,1.0,,1.0,,
procrustes,,,,1.0,,,,,,,,1.0
brier,,,,1.0,,,1.0,,,,,
autoencoders,,,,1.0,,,1.0,1.0,1.0,,,
denoising,,,,1.0,,,,1.0,1.0,1.0,,
exponential,,,,1.0,1.0,,,1.0,,2.0,6.0,1.0
composing,,,,1.0,,,,,,,,
extracting,,,,1.0,,,,,,,,
moment,,,,1.0,,,,,,,2.0,1.0
mstruct,,,,1.0,,,,,,,,
mapping,,,,1.0,,1.0,1.0,1.0,,,,
distributed,,,,1.0,1.0,,1.0,2.0,1.0,4.0,12.0,5.0
haussler's,,,,1.0,,,,,,,,
operators,,,,1.0,,,,,,,,
eigenspaces,,,,1.0,,,,,,,,
essentiality,,,,1.0,,,,,,,,
spectroscopy,,,,1.0,,,,,,,,
hardness,,,,1.0,,,,,,,,
inverse,,,,1.0,,1.0,2.0,1.0,,2.0,1.0,2.0
categorical,,,,1.0,,,,1.0,,,2.0,1.0
multi-classification,,,,1.0,,,,,,,,
compressed,,,,1.0,,,,,1.0,,1.0,
abstract,,,,1.0,,,,,,1.0,,
admixture,,,,1.0,,,,,,1.0,,
population,,,,1.0,,,,,,,,
light,,,,1.0,,,,,,,,
tailoring,,,,1.0,,,,,,,,
asymptotics,,,,1.0,,,,,,,2.0,
co-regularization,,,,1.0,,,,,,,,
rkhs,,,,1.0,,,,1.0,,,,
memories,,,,1.0,,,,,1.0,,,
transient,,,,1.0,,,,,,,,
permanent,,,,1.0,,,,,,,,
sample-based,,,,1.0,,,,,,1.0,,
fully,,,,1.0,,,,,,,,
expectation-maximization,,,,1.0,,,,,,,,
mutations,,,,1.0,,,,,,,,
allele,,,,1.0,,,,,,,,
admixing,,,,1.0,,,,,,,,
genetic,,,,1.0,,,,,,,,
finding,,,,1.0,,1.0,,1.0,,1.0,2.0,
hierarchies,,,,1.0,,,1.0,,,,,
grassmann,,,,1.0,,,,,,,,
multitask,,,,1.0,1.0,,,3.0,1.0,,1.0,1.0
speech,,,,1.0,,,,1.0,,1.0,,2.0
mmi/mpe,,,,1.0,,,,,,,,
modified,,,,1.0,,,,1.0,,,2.0,
subspace-based,,,,1.0,,,,,,,,
geometric,,,,1.0,,,,1.0,,2.0,1.0,2.0
precision,,,,1.0,,,,,,,2.0,
no-regret,,,,1.0,,,,1.0,,1.0,,1.0
localized,,,,1.0,,,,,,,,
low-level,,,,1.0,,,,,,,,
memory,,,,1.0,,1.0,,,,3.0,2.0,5.0
events,,,,1.0,,,,3.0,1.0,1.0,,1.0
rare,,,,1.0,,1.0,,,,1.0,,
processing,,,,1.0,,,,,,2.0,,2.0
membership,,,,1.0,1.0,1.0,,1.0,,,2.0,
inconsistent,,,,1.0,,,,,,,,
r-max,,,,1.0,,,,,,,,
non-gaussianity,,,,1.0,,,,,,,,
identifiable,,,,1.0,,,,,,,,
effects,,,,1.0,1.0,1.0,,,,,,
lagged,,,,1.0,,,,,,,,
instantaneous,,,,1.0,,,,,,,,
architecture,,,,1.0,,,,,,,,1.0
natural,,,,1.0,2.0,1.0,2.0,,,3.0,2.0,2.0
coordinate,,,,1.0,1.0,1.0,4.0,1.0,,3.0,4.0,1.0
leave-one-out,,,,1.0,,,,,,,,
computation,,,,1.0,,,2.0,1.0,,2.0,1.0,3.0
conditions,,,,1.0,,1.0,,,,1.0,1.0,
cost,,,,1.0,,,,,,2.0,1.0,1.0
pointwise,,,,1.0,,,,,,1.0,,
l1-ball,,,,1.0,,,,,,,,
onto,,,,1.0,,,,1.0,1.0,,,
confidence-weighted,,,,1.0,,,,1.0,,,,
classify,,,,1.0,,,,,,1.0,,
limited,,,,1.0,,,,1.0,,1.0,2.0,
missing,,,,1.0,,,,1.0,1.0,2.0,3.0,2.0
corrupted,,,,1.0,,,1.0,,1.0,,1.0,
loss,,,,1.0,1.0,1.0,4.0,3.0,1.0,4.0,3.0,5.0
representation,,,,1.0,2.0,2.0,1.0,,2.0,2.0,1.0,4.0
object-oriented,,,,1.0,,,,,,1.0,,
polyhedral,,,,1.0,1.0,,,,,,,
plane,,,,1.0,,,,,,,,
cutting,,,,1.0,,,,,,1.0,,
persistence,,,,1.0,,,,,,1.0,,1.0
hdp-hmm,,,,1.0,,,,,,,,
intractable,,,,1.0,,,,,,,,
rate-distortion,,,,1.0,,,,,,,,
cancer,,,,1.0,,,,,,,,
colorectal,,,,1.0,,,,,,,,
study,,,,1.0,,,,,,1.0,1.0,1.0
case,,,,1.0,,1.0,1.0,,,2.0,1.0,
target,,,,1.0,,,,,2.0,3.0,1.0,1.0
demonstrations,,,,1.0,,,,,,,,
indefinite,,,,1.0,2.0,,,,,,,
boosters,,,,1.0,,,,,,,,
defeats,,,,1.0,,,,,,,,
un-supervised,,,,1.0,,,,,,,,
semi-,,,,1.0,,,,,,,,
fully-,,,,1.0,,,,,,,,
stagewise,,,,1.0,,,,,,,,
manifoldboost,,,,1.0,,,,,,,,
compilation,,,,1.0,,,,,,1.0,,
extensive,,,,1.0,,,,,,,,
constraint,,,,1.0,1.0,,1.0,,,1.0,,
importance,,,,1.0,1.0,,1.0,,,1.0,1.0,1.0
self-aware,,,,1.0,,,,,,,,
actively,,,,1.0,,,,,,,,1.0
potential,,,,1.0,,,,,,,,1.0
uncorrelated,,,,1.0,,,,,1.0,,,
multilinear,,,,1.0,,,,,,,,
nonnegative,,,,1.0,,,,,,1.0,,
bernstein,,,,1.0,1.0,,,,,,,
mpirical,,,,1.0,,,,,,,,
imputations,,,,1.0,,,,,,,,
nonextensive,,,,1.0,,,,,,,,
rank-one,,,,1.0,,,,,,1.0,,
hilbert,,,,1.0,1.0,1.0,,,,,,
downdate,,,,1.0,,,,,,,,
strategy,,,,1.0,,,,,,,,
level-sets,,,,1.0,,,,,,,,
hyperdisk,,,,1.0,,,,,,,,
space-indexed,,,,1.0,,,,,,,,
mrfs,,,,1.0,,,,,,2.0,1.0,
multi-label,,,,1.0,,1.0,1.0,,,3.0,2.0,2.0
optimality,,,,1.0,,1.0,,,,1.0,2.0,2.0
distance-based,,,,1.0,,,,,,,,1.0
high-dimensional,,,,1.0,2.0,2.0,,3.0,1.0,4.0,,2.0
sportscast,,,,1.0,,,,,,,,
schweizer-wolff,,,,1.0,,,,,,,,
isa,,,,1.0,,,,,,,,
domains,,,,1.0,,1.0,,2.0,1.0,1.0,1.0,
propositional,,,,1.0,,,,,,,,
treatment,,,,1.0,,,,,,,,
gradients,,,,1.0,,,1.0,1.0,1.0,,,1.0
grounded,,,,1.0,,,,1.0,,,,
non-parametric,,,,1.0,1.0,,1.0,,,,,
follow,,,,1.0,,,,,,,,
skew,,,,1.0,,,,,,,,
spectrum,,,,1.0,1.0,,,1.0,,,1.0,
residual,,,,1.0,,1.0,,1.0,,,,
worst-case,,,,1.0,,,,,,,,
processors,,,,1.0,1.0,,,,,,,
scavenging,,,,1.0,,,,,,,,
interleaved,,,,1.0,,,,,,,,
bregman,,,,1.0,,,,1.0,,,,
query-level,,,,1.0,,,,,,,,
randomization,,,,1.0,,,,1.0,1.0,,1.0,
coverage,,,,1.0,,,,,,,,
divergences,,,,1.0,,,,,,1.0,1.0,
laplace,,,,1.0,,,,,,,,
sparsity,,,,,3.0,1.0,1.0,,1.0,,1.0,
motion,,,,,2.0,,,,,,,
base,,,,,2.0,,1.0,,,,,
weights,,,,,2.0,,1.0,,1.0,1.0,,1.0
states,,,,,2.0,1.0,,,,,1.0,
mixed,,,,,2.0,1.0,,3.0,,1.0,2.0,
factor,,,,,2.0,,3.0,1.0,,2.0,2.0,
polynomial,,,,,2.0,,,,,,,2.0
correction,,,,,2.0,,,1.0,1.0,,,
norm,,,,,2.0,2.0,1.0,2.0,,1.0,1.0,
robot,,,,,2.0,,,,,,,
trajectory,,,,,2.0,,,,,1.0,,1.0
regularized,,,,,2.0,1.0,2.0,,1.0,2.0,4.0,1.0
evolutionary,,,,,2.0,,,,,,,
gain,,,,,2.0,,,1.0,,,,
expected,,,,,2.0,,,,,1.0,,1.0
theoretic,,,,,2.0,1.0,,1.0,,,1.0,
discovering,,,,,2.0,,,1.0,1.0,1.0,1.0,
noisy-logical,,,,,1.0,,,,,,,
something,,,,,1.0,,,,,,,
group-lasso,,,,,1.0,,,1.0,,,,
stop,,,,,1.0,,,,,,,
thinking,,,,,1.0,,,,,,,
do,,,,,1.0,1.0,,,,,,1.0
dueling,,,,,1.0,,,,,2.0,1.0,2.0
l{1#},,,,,1.0,,,,,,,
neighbors,,,,,1.0,,,,,2.0,1.0,
interactively,,,,,1.0,,,,,,,
emergence,,,,,1.0,,,,,,,
logdeterminant,,,,,1.0,,,,,,,
influence,,,,,1.0,,,1.0,1.0,2.0,1.0,
"""1-penalized",,,,,1.0,,,,,,,
hubs,,,,,1.0,,,,,1.0,,
relaxation,,,,,1.0,,1.0,1.0,,3.0,,
instances,,,,,1.0,,,,,,1.0,
sequencing,,,,,1.0,,,,,,,
motions,,,,,1.0,,,,,,,
treating,,,,,1.0,,,,,,,
coherence,,,,,1.0,,,1.0,,,,
tuning,,,,,1.0,,1.0,,1.0,,,1.0
library,,,,,1.0,,,,,,,
bandit-based,,,,,1.0,,,,,,,
non-,,,,,1.0,,,,,,,
medlda,,,,,1.0,,,,,,,
simplenpkl,,,,,1.0,,,,,,,
parsing,,,,,1.0,,1.0,1.0,1.0,,,
templates,,,,,1.0,,,,,,,
codebooks,,,,,1.0,,,,,,,
non-redundant,,,,,1.0,1.0,,,,,,
direction,,,,,1.0,,,3.0,2.0,4.0,1.0,
example,,,,,1.0,,,,1.0,,,1.0
continuous-action,,,,,1.0,,,,,,,
binary,,,,,1.0,,2.0,1.0,1.0,4.0,2.0,2.0
specific,,,,,1.0,,,,,,1.0,
styles,,,,,1.0,,,,,,,
locomotion,,,,,1.0,,,,,,,
beta,,,,,1.0,1.0,2.0,1.0,,1.0,1.0,
prototype,,,,,1.0,,,1.0,,,,
lies,,,,,1.0,,,,,,,
contingency,,,,,1.0,,,,,,,
boltzrank,,,,,1.0,,,,,,,
lead,,,,,1.0,,,,,,,
greediness,,,,,1.0,,,,,,,
initialization,,,,,1.0,,,,,,,
optimistic,,,,,1.0,,,1.0,1.0,,,
gradient-descent,,,,,1.0,,,,,,,
perceptrons,,,,,1.0,,,,,1.0,,
budget,,,,,1.0,1.0,1.0,,,2.0,1.0,1.0
tables,,,,,1.0,,,,,,,
radiation,,,,,1.0,,,,,,,
sensitivity,,,,,1.0,,,,,,,
hashing,,,,,1.0,1.0,2.0,1.0,1.0,1.0,2.0,
multi-assignment,,,,,1.0,,,,,,,
necessary,,,,,1.0,,,,,,,
divergence,,,,,1.0,1.0,,,,2.0,,1.0
contrastive,,,,,1.0,2.0,,,,,,
generality,,,,,1.0,,,,,,,
persistent,,,,,1.0,,,1.0,,,1.0,1.0
style,,,,,1.0,,,,,,,
k,,,,,1.0,,,,,,,
undirected,,,,,1.0,,,,,,,
structurally,,,,,1.0,,,,,,,
losses,,,,,1.0,1.0,2.0,3.0,,,1.0,2.0
piecewise-stationary,,,,,1.0,,,,,,,
proper,,,,,1.0,,,,,,,
surrogate,,,,,1.0,1.0,1.0,1.0,,,1.0,
side,,,,,1.0,1.0,,,,,,2.0
bit,,,,,1.0,,,,,,,
observations,,,,,1.0,1.0,,2.0,,1.0,1.0,
non-identically,,,,,1.0,,,,,,,
everyone,,,,,1.0,,,,,,,
whom,,,,,1.0,,1.0,,,,,
ellipsoid,,,,,1.0,,,,,,,
non-monotonic,,,,,1.0,,,,,,,
interesting,,,,,1.0,,,,,,,
supervision,,,,,1.0,2.0,1.0,,,1.0,,1.0
herding,,,,,1.0,,,1.0,,,,
memoizer,,,,,1.0,,,,,,,
balancing,,,,,1.0,,,,,,,
simulation,,,,,1.0,,,,,,,
monte-carlo,,,,,1.0,,,,1.0,,,
reverse,,,,,1.0,,,,,,,
"""1",,,,,1.0,,,,,,,
warped,,,,,1.0,,,,,,,
perspective,,,,,1.0,1.0,,,,2.0,,1.0
subgroups,,,,,1.0,,,,,,,
archipelago,,,,,1.0,,,,,,,
co-clusters,,,,,1.0,,,,,,,
accounting,,,,,1.0,,,,,,,
buffet,,,,,1.0,,1.0,1.0,,,,
indian,,,,,1.0,,1.0,1.0,,,,
observed,,,,,1.0,1.0,1.0,,,,2.0,
k-meteorologists,,,,,1.0,,,,,,,
coherent,,,,,1.0,,1.0,,,2.0,,
outer,,,,,1.0,,,,,,,
teachers,,,,,1.0,,,,,,,
evil,,,,,1.0,,,,,,,
moment-based,,,,,1.0,,,,,,,
second-order,,,,,1.0,,,,,,,
search-based,,,,,1.0,,,,,,,
eigentransfer,,,,,1.0,,,,,,,
adaptation,,,,,1.0,,1.0,4.0,3.0,,2.0,2.0
sources,,,,,1.0,,,,,,,
segment,,,,,1.0,1.0,,,,,,
property,,,,,1.0,,,,,,1.0,1.0
isometry,,,,,1.0,,,,,,,
recovery,,,,,1.0,,,1.0,1.0,4.0,4.0,3.0
sparsification,,,,,1.0,,,1.0,,,,
evolving,,,,,1.0,,,,,,,
blockmodel,,,,,1.0,,,,,,,
hyperparameter,,,,,1.0,,,,2.0,2.0,1.0,1.0
(multiple),,,,,1.0,,,,,,,
majorization-minimization,,,,,1.0,,,,,,,
deal,,,,,1.0,,,,,1.0,,
aode,,,,,1.0,,,,,,,
proposals,,,,,1.0,,,,,,,
two,,,,,1.0,,,2.0,,,2.0,
haode,,,,,1.0,,,,,,,
gaode,,,,,1.0,,,,,,,
well-selected,,,,,1.0,,,,,,,
few,,,,,1.0,,,,,1.0,,
curve,,,,,1.0,,,,,,,
dyadic,,,,,1.0,,,,,,,
p-laplacian,,,,,1.0,,,,,,,
elicitation,,,,,1.0,1.0,,,,1.0,,
pomdp,,,,,1.0,,,,,1.0,,
split,,,,,1.0,,,1.0,,,,
curriculum,,,,,1.0,,,,,,,1.0
grammatical,,,,,1.0,,,,,,,
forest,,,,,1.0,,,,,,1.0,1.0
route,,,,,1.0,,,,,,,
intensities,,,,,1.0,,,,,1.0,,
tractable,,,,,1.0,,,,,1.0,,1.0
multiresolution,,,,,1.0,,,,,1.0,,
covariance,,,,,1.0,2.0,,3.0,,2.0,,
scene,,,,,1.0,,,1.0,,2.0,,
audio,,,,,1.0,,,1.0,,,,
autoregressive,,,,,1.0,,,,,2.0,2.0,2.0
stable,,,,,1.0,,,,,1.0,,
dictionaries,,,,,1.0,,,,,,,
similarities,,,,,1.0,,,,,,,
selective,,,,,1.0,,1.0,,,,,
changepoints,,,,,1.0,,,,,,,
pac-bayesian,,,,,1.0,,,1.0,,1.0,,1.0
procedures,,,,,1.0,,,,,,,
blockwise,,,,,1.0,,,,,,,
families,,,,,1.0,,,,,,2.0,1.0
measurements,,,,,1.0,,,,,1.0,1.0,
mea,,,,,1.0,,,,,,,
abc-boost,,,,,1.0,,,,,,,
rating-matrix,,,,,1.0,,,,,,,
convolutional,,,,,1.0,1.0,1.0,,1.0,3.0,2.0,8.0
worlds,,,,,1.0,1.0,,,,,,
learning-to-rank,,,,,1.0,,,,,,,
properties,,,,,1.0,,,,1.0,,,2.0
relevancy,,,,,1.0,,,,,,,
irreducibility,,,,,1.0,,,,,,,
block-wise,,,,,1.0,,,,,,,
block,,,,,1.0,,3.0,,,,1.0,4.0
unknown,,,,,1.0,,,,,1.0,2.0,
proto-predictive,,,,,1.0,,,,,,,
dictionary,,,,,1.0,2.0,2.0,1.0,,,1.0,2.0
urls,,,,,1.0,,,,,,,
suspicious,,,,,1.0,,,,,,,
geometry-aware,,,,,1.0,,,,,,,
community,,,,,1.0,,,,1.0,,1.0,1.0
author,,,,,1.0,,,,,,,
joint,,,,,1.0,,1.0,3.0,,2.0,1.0,2.0
topic-link,,,,,1.0,,,,,,,
acyclic,,,,,1.0,,,,,,,
link,,,,,1.0,1.0,1.0,2.0,,,,1.0
multiagent,,,,,1.0,3.0,,,,,,
hmm-based,,,,,1.0,,,,,,,
trace,,,,,1.0,,,,,,,
situations,,,,,1.0,,1.0,,,,,
b-matching,,,,,1.0,,,,,,,
overlaps,,,,,1.0,,,,,,,
selecting,,,,,1.0,,,,2.0,,,
races,,,,,1.0,,,,,,,
hoeffding,,,,,1.0,,,,,,,
campaign,,,,,1.0,,,,,,,
plackett-luce,,,,,1.0,1.0,,,,,,1.0
lexicalized,,,,,1.0,,,,,,,
transformations,,,,,1.0,,,1.0,,1.0,1.0,
opinion,,,,,1.0,,,,,,,
sampling-based,,,,,1.0,,,,,,,
monotonicity,,,,,1.0,,,,1.0,,,
graphlet,,,,,1.0,,,,,,,
least-squares,,,,,1.0,1.0,,1.0,,,1.0,
near-bayesian,,,,,1.0,,,,,,,
lifting,,,,,1.0,,,,,,,
products,,,,,1.0,1.0,,,,,,
winnow,,,,,1.0,,,,,,,
assessment,,,,,1.0,,,,,,,1.0
quality,,,,,1.0,,,1.0,,,,2.0
orbit-product,,,,,1.0,,,,,,,
human,,,,,,3.0,,2.0,1.0,,,
interaction,,,,,,2.0,,,,1.0,,
multilabel,,,,,,2.0,,1.0,,,,1.0
penalties,,,,,,2.0,1.0,,,,,
budgeted,,,,,,2.0,,,,,,
submodular,,,,,,2.0,3.0,1.0,1.0,1.0,4.0,4.0
music,,,,,,2.0,,1.0,,,,
nearly,,,,,,2.0,,,,,,
classes,,,,,,2.0,,1.0,,,1.0,
-greedy,,,,,,1.0,,,,,,
return,,,,,,1.0,,,,,,
co-training,,,,,,1.0,2.0,,,,,
l1,,,,,,1.0,,1.0,,,,
(near),,,,,,1.0,,,,1.0,,
penalization,,,,,,1.0,,,,,,
transformation-based,,,,,,1.0,,,,,,
t-distributed,,,,,,1.0,,,,,,
data-independence,,,,,,1.0,,,,,,
focused,,,,,,1.0,,,,,,
rectified,,,,,,1.0,,,,,,1.0
ibp,,,,,,1.0,,,,,,
asos,,,,,,1.0,,,,,,
units,,,,,,1.0,,,2.0,,,1.0
belief-propagation,,,,,,1.0,,,,,,
toward,,,,,,1.0,,,1.0,,,
hessian-free,,,,,,1.0,1.0,,,,,
shift,,,,,,1.0,,1.0,,2.0,1.0,1.0
seeking,,,,,,1.0,,,,,,
otl,,,,,,1.0,,,,,,
cognitive,,,,,,1.0,,,,,,
test-item,,,,,,1.0,,,,,,
power,,,,,,1.0,,,,,2.0,2.0
regimes,,,,,,1.0,,,,,,
randomized,,,,,,1.0,1.0,1.0,1.0,1.0,2.0,1.0
trial,,,,,,1.0,,,,,,
tangents,,,,,,1.0,,,,,,
off-policy,,,,,,1.0,,1.0,,,1.0,3.0
scaling,,,,,,1.0,,1.0,1.0,5.0,2.0,
simulate,,,,,,1.0,,,,,,
evaluate,,,,,,1.0,,,,,,
approximately,,,,,,1.0,,,,,,
hard,,,,,,1.0,,,,1.0,2.0,1.0
cuts,,,,,,1.0,1.0,,,,,
dc,,,,,,1.0,,,,,,
optimally,,,,,,1.0,,,1.0,,,
laplacians,,,,,,1.0,,,,,,
seizure,,,,,,1.0,,1.0,,,,
bias-variance,,,,,,1.0,,,,,,
epileptic,,,,,,1.0,,,1.0,,,
trade-off,,,,,,1.0,,,,,,
coffin,,,,,,1.0,,,,,,
internal,,,,,,1.0,,,1.0,,1.0,1.0
cheeger,,,,,,1.0,,,,,,
outcomes,,,,,,1.0,,,,,,
clinical,,,,,,1.0,,,,,,
cation,,,,,,1.0,,,,,,
strati,,,,,,1.0,,,,,,
no,,,,,,1.0,,,,,,3.0
setting,,,,,,1.0,,,,1.0,,
boundedness,,,,,,1.0,,,,,,
agent,,,,,,1.0,,1.0,,,,
total,,,,,,1.0,1.0,1.0,,2.0,,
mitigate,,,,,,1.0,,,,,,
rewards,,,,,,1.0,,,,,,
oblique,,,,,,1.0,,,,,,
translation-invariant,,,,,,1.0,,,,,,
parameters,,,,,,1.0,,1.0,,1.0,,1.0
net,,,,,,1.0,,,,,,
unlearning,,,,,,1.0,,,,,,
wishart-dirichlet,,,,,,1.0,,,,,,
generalizing,,,,,,1.0,,,,,,
across,,,,,,1.0,,,,1.0,,
argumentation-based,,,,,,1.0,,,,,,
patients,,,,,,1.0,,,,,,
objectives,,,,,,1.0,,,,,,4.0
facilitate,,,,,,1.0,,,,,,
non-local,,,,,,1.0,,,,,,
bellman,,,,,,1.0,,,,,,
lagrangian,,,,,,1.0,1.0,,,,,
minimize,,,,,,1.0,,,,,,
fix,,,,,,1.0,,,,,,
compute,,,,,,1.0,,,,,,
should,,,,,,1.0,,,,,,
one-sided,,,,,,1.0,,,,,,
mcmc,,,,,,1.0,,,,2.0,1.0,
privacy,,,,,,1.0,,,,,2.0,1.0
spherical,,,,,,1.0,,,,1.0,,
possible,,,,,,1.0,,,,,,
planted,,,,,,1.0,,,,1.0,,
elastic,,,,,,1.0,,,,,,
heterogenous,,,,,,1.0,,,,,,
collective,,,,,,1.0,2.0,1.0,1.0,2.0,1.0,
adversarial,,,,,,1.0,1.0,,1.0,2.0,1.0,2.0
arrested,,,,,,1.0,,,,,,
partitions,,,,,,1.0,,,,,,
filter,,,,,,1.0,,,,1.0,,2.0
pooling,,,,,,1.0,,,,1.0,,
correspondences,,,,,,1.0,,,,,,
ambiguous,,,,,,1.0,,,,,,
subgraph,,,,,,1.0,,1.0,,,,
neighborhood,,,,,,1.0,1.0,,,,,
two-stage,,,,,,1.0,,1.0,,1.0,,1.0
graded,,,,,,1.0,,,,,,
financial,,,,,,1.0,,,1.0,,,
indirect,,,,,,1.0,,,,1.0,,1.0
safety,,,,,,1.0,,,,,,
targeted,,,,,,1.0,,,1.0,,,
restaurant,,,,,,1.0,,,,1.0,,
click-through,,,,,,1.0,,,,,,
babel,,,,,,1.0,,,,,,
tower,,,,,,1.0,,,,,,
climbing,,,,,,1.0,,,,,,
plus,,,,,,1.0,,,,,,
engine,,,,,,1.0,,,,,,
bing,,,,,,1.0,,,,,,
microsoft's,,,,,,1.0,,,,,,
advertising,,,,,,1.0,,,,1.0,1.0,
sponsored,,,,,,1.0,,,,,,
web-scale,,,,,,1.0,,,,1.0,,
chinese,,,,,,1.0,,,,1.0,,
vocabulary,,,,,,1.0,,,1.0,,,
learned,,,,,,1.0,,,,,,1.0
place,,,,,,1.0,,,,,,
appearance-based,,,,,,1.0,,,,,,
fab-map,,,,,,1.0,,,,,,
business,,,,,,1.0,,,,,,
multilingual,,,,,,1.0,,,,,,
console,,,,,,1.0,,,,,,
logs,,,,,,1.0,,,,,,
networked,,,,,,1.0,,,,,,
formulations,,,,,,1.0,,,1.0,,,
pitman-yor,,,,,,1.0,,,,,,
constant,,,,,,1.0,,,,,,
counts,,,,,,1.0,,,,,,
forgetting,,,,,,1.0,,,,,,
cross-entropy,,,,,,1.0,,,,,,
gaussian-process-based,,,,,,1.0,,,,,,
accelerating,,,,,,1.0,,2.0,,,1.0,
surrogating,,,,,,1.0,,,,,,
connections,,,,,,1.0,,,1.0,1.0,,
mcmc-mle,,,,,,1.0,,,,,,
filtered,,,,,,1.0,,,,,,
effect,,,,,,1.0,,1.0,,1.0,1.0,
cause,,,,,,1.0,,,,,1.0,
telling,,,,,,1.0,,,,,1.0,
nuclear,,,,,,1.0,,1.0,,1.0,1.0,
pairs,,,,,,1.0,,,,,,
unordered,,,,,,1.0,,,,,,
groupings,,,,,,1.0,,,,,,
riffle,,,,,,1.0,,,,,,
recorded,,,,,,1.0,,,,,,
practice,,,,,,1.0,,,,1.0,,
trust-region,,,,,,1.0,,,,,1.0,
mixed-norm,,,,,,1.0,,,,,,
minima,,,,,,1.0,,,,,,1.0
making,,,,,,1.0,1.0,1.0,1.0,2.0,1.0,2.0
lstd,,,,,,1.0,,,,,,
finite-sample,,,,,,1.0,1.0,,,,,
classification-based,,,,,,1.0,1.0,,,,,
markets,,,,,,1.0,,1.0,,1.0,,
artificial,,,,,,1.0,,,,,,
reasoning,,,,,,1.0,,,,,,
forward,,,,,,1.0,,,,1.0,,1.0
backward,,,,,,1.0,,,,,,
motifs,,,,,,1.0,,,,,,
tree-guided,,,,,,1.0,,,,,,
chains,,,,,,1.0,,,,,,
continuous-time,,,,,,1.0,,,,2.0,,
linearly-solvable,,,,,,1.0,,,,,,
constrained,,,,,,1.0,2.0,2.0,1.0,2.0,1.0,1.0
discriminatively,,,,,,1.0,,,2.0,,,
high-performance,,,,,,1.0,,,,,,
lambda,,,,,,1.0,,,,,,
averaginga,,,,,,1.0,,,,,,
inter-time,,,,,,1.0,,,,,,
one-player,,,,,,1.0,,,,,,
modular,,,,,,1.0,,,,1.0,,
backpropagation,,,,,,1.0,,,,1.0,2.0,
l0-relaxation,,,,,,1.0,,,,,,
tightened,,,,,,1.0,,,,,,
impact,,,,,,1.0,,,,,,
scholarly,,,,,,1.0,,,,,,
measuring,,,,,,1.0,,,,,,
language-based,,,,,,1.0,,,,,,
semi,,,,,,1.0,,,,,,
wavelets,,,,,,1.0,,,,,,
principle,,,,,,1.0,,,,,,
auc,,,,,,,2.0,,1.0,,,
parallel,,,,,,,2.0,,1.0,5.0,1.0,2.0
bipartite,,,,,,,2.0,,,1.0,1.0,
rates,,,,,,,2.0,2.0,2.0,1.0,1.0,4.0
implicitly,,,,,,,2.0,,,,,
order-preserving,,,,,,,1.0,,,,,
standardized,,,,,,,1.0,,,1.0,,
scoring,,,,,,,1.0,1.0,,,,
contractive,,,,,,,1.0,1.0,,,,
auto-encoders,,,,,,,1.0,1.0,,1.0,,1.0
explicit,,,,,,,1.0,,,,1.0,1.0
multi-relational,,,,,,,1.0,,,,,1.0
invariance,,,,,,,1.0,,,,,
during,,,,,,,1.0,,,,,
grammars,,,,,,,1.0,,,,,
dependencies,,,,,,,1.0,1.0,,2.0,,1.0
columns,,,,,,,1.0,,,,,
completion,,,,,,,1.0,1.0,,4.0,2.0,2.0
godec,,,,,,,1.0,,,,,
ranked,,,,,,,1.0,,,,,
egocentric,,,,,,,1.0,,,,,
inequality,,,,,,,1.0,,,2.0,,
holder's,,,,,,,1.0,,,,,
bounding,,,,,,,1.0,,,,,
three-way,,,,,,,1.0,,,,,
tree-structured,,,,,,,1.0,,,,,
subgraphs,,,,,,,1.0,,,1.0,,
max-product,,,,,,,1.0,,1.0,,,
unimodal,,,,,,,1.0,,,1.0,,
m-estimators,,,,,,,1.0,,,,,
robustness,,,,,,,1.0,,,1.0,,1.0
langevin,,,,,,,1.0,,,1.0,,1.0
crowd,,,,,,,1.0,,,1.0,,
adaptively,,,,,,,1.0,,,,,
vector-valued,,,,,,,1.0,,1.0,,,
aggregated,,,,,,,1.0,,,,,1.0
folding,,,,,,,1.0,,,,,
left-stochastic,,,,,,,1.0,,,,,
pagerank,,,,,,,1.0,,,,1.0,
about,,,,,,,1.0,,,,,
atomic,,,,,,,1.0,,,,1.0,
samplerank,,,,,,,1.0,,,,,
regionalized,,,,,,,1.0,,,,,
fusion,,,,,,,1.0,,,,1.0,
clusterpath,,,,,,,1.0,,,,,
in-degree,,,,,,,1.0,,,,,
function's,,,,,,,1.0,,,,,
transition,,,,,,,1.0,1.0,1.0,,1.0,
ergodic,,,,,,,1.0,,,,,
intentions,,,,,,,1.0,,,,,
spike-and-slab,,,,,,,1.0,1.0,,,,
valuation,,,,,,,1.0,,,,,
bundle,,,,,,,1.0,,,1.0,,
averaging,,,,,,,1.0,,2.0,,1.0,2.0
univariate,,,,,,,1.0,1.0,,,,2.0
grouping,,,,,,,1.0,1.0,,,,
doubly,,,,,,,1.0,1.0,,1.0,,4.0
hurt,,,,,,,1.0,,,,,
never,,,,,,,1.0,,,,,
rbms,,,,,,,1.0,,,,,
approximating,,,,,,,1.0,,,,,1.0
score,,,,,,,1.0,,,,,
determinantal,,,,,,,1.0,,,1.0,1.0,
fixed-size,,,,,,,1.0,,,,,
k-dpps,,,,,,,1.0,,,,,
lasso-td,,,,,,,1.0,,,,,
equilibrium,,,,,,,1.0,,,,,
rationalization,,,,,,,1.0,,,,,
crowds,,,,,,,1.0,,,1.0,,
polytope,,,,,,,1.0,,,,,
marginal,,,,,,,1.0,1.0,,1.0,1.0,
equilibria,,,,,,,1.0,,,,,
correlated,,,,,,,1.0,1.0,1.0,2.0,,1.0
size-constrained,,,,,,,1.0,,,,,
single,,,,,,,1.0,,,,,
reconstruction,,,,,,,1.0,1.0,,,,
attentional,,,,,,,1.0,,,,,
quantization,,,,,,,1.0,,,1.0,,1.0
interpretation,,,,,,,1.0,,,1.0,,
encoding,,,,,,,1.0,,,1.0,,
flow,,,,,,,1.0,,,2.0,,2.0
functional,,,,,,,1.0,1.0,1.0,,1.0,
meets,,,,,,,1.0,,,,,2.0
critic,,,,,,,1.0,,,,,
addition,,,,,,,1.0,,,,,
tree-,,,,,,,1.0,,,,,
use,,,,,,,1.0,1.0,,1.0,,
operator-valued,,,,,,,1.0,,,,,
information-maximization,,,,,,,1.0,,,,,
covering,,,,,,,1.0,,,1.0,,
combinatorial,,,,,,,1.0,1.0,1.0,1.0,1.0,2.0
storage,,,,,,,1.0,,,,,
example-dependent,,,,,,,1.0,,,,,
costs,,,,,,,1.0,,,,,
f-divergences,,,,,,,1.0,1.0,,,,
ascent,,,,,,,1.0,,,3.0,1.0,1.0
implementing,,,,,,,1.0,,,,,
better,,,,,,,1.0,1.0,1.0,1.0,2.0,1.0
eigenvector,,,,,,,1.0,,,,,2.0
generalizations,,,,,,,1.0,,,,,1.0
risk-based,,,,,,,1.0,,,,,
outlooks,,,,,,,1.0,,,,,
scenes,,,,,,,1.0,1.0,,,,
conjugate,,,,,,,1.0,,,,,
lower,,,,,,,1.0,,,3.0,3.0,2.0
envelope,,,,,,,1.0,,,,,
multi,,,,,,,1.0,,,,,
ultra-fast,,,,,,,1.0,,,,,
mean,,,,,,,1.0,2.0,,3.0,,1.0
beat,,,,,,,1.0,,,,,
inversion,,,,,,,1.0,,,,,
knapsack,,,,,,,1.0,,,,,
mean-variance,,,,,,,1.0,,,,,
newton-type,,,,,,,1.0,,,1.0,,1.0
rl,,,,,,,1.0,,,1.0,,
free,,,,,,,1.0,,,,1.0,
integrating,,,,,,,1.0,,1.0,,,
sample-compression,,,,,,,1.0,,,,,
likelihood-free,,,,,,,1.0,,,,,
abc-ep,,,,,,,1.0,,,,,
necessity,,,,,,,1.0,,,,,
plug-in,,,,,,,1.0,1.0,,,,
votes,,,,,,,1.0,,,,,
riemannian,,,,,,,1.0,,,1.0,1.0,3.0
penalized,,,,,,,1.0,1.0,,,,
visualisation,,,,,,,1.0,,,,,
cost-based,,,,,,,1.0,,,,,
markowitz,,,,,,,1.0,,,,,
cooperative,,,,,,,1.0,,,,,
fool,,,,,,,1.0,,,,,
wise,,,,,,,1.0,,,,,
hinge,,,,,,,1.0,,,,1.0,
rating,,,,,,,1.0,,,,,
team,,,,,,,1.0,,,,,
bernoulli-logistic,,,,,,,1.0,,,,,
majority,,,,,,,1.0,,,,,
bcdnpkl,,,,,,,1.0,,,,,
access,,,,,,,1.0,,,,,
competitions,,,,,,,1.0,,,,1.0,
portfolios,,,,,,,1.0,,,,,
large-margin,,,,,,,1.0,,,2.0,,1.0
certainty,,,,,,,1.0,,,,,
equivalents,,,,,,,1.0,,,,,
domain-specific,,,,,,,1.0,,,,,
optiml,,,,,,,1.0,,,,,
cauchy,,,,,,,1.0,,,,,
fixed-rank,,,,,,,1.0,,,,,
suboptimal,,,,,,,1.0,,,,,
data-efficient,,,,,,,1.0,,,,,1.0
pilco,,,,,,,1.0,,,,,
cca,,,,,,,1.0,3.0,,,,2.0
legislative,,,,,,,1.0,,,,,
sensitive,,,,,,,1.0,,,,,
hoeffding-based,,,,,,,1.0,,,,,
speeding-up,,,,,,,1.0,,,,,
feature-efficient,,,,,,,1.0,,,,,
share,,,,,,,1.0,,,,,
sentiment,,,,,,,1.0,,,,,
roll,,,,,,,1.0,,,,,
multiplicative,,,,,,,1.0,,,,,
calls,,,,,,,1.0,,,,,
sequences,,,,,,,,2.0,,1.0,,1.0
attacks,,,,,,,,2.0,,,,
copula,,,,,,,,2.0,,1.0,,
clusters,,,,,,,,2.0,,,,
against,,,,,,,,2.0,,,1.0,
gamma,,,,,,,,2.0,,1.0,,
attribute,,,,,,,,2.0,,,1.0,
ratings,,,,,,,,2.0,,,,
minimizing,,,,,,,,2.0,,,1.0,1.0
force,,,,,,,,2.0,,,,
transcription,,,,,,,,2.0,,,,
stroke,,,,,,,,1.0,,,,
adverse,,,,,,,,1.0,,,,
painting,,,,,,,,1.0,,,,
ink,,,,,,,,1.0,,,,
information-theoretical,,,,,,,,1.0,,,,
extensive-form,,,,,,,,1.0,,,1.0,
option,,,,,,,,1.0,,1.0,,
oriental,,,,,,,,1.0,,,,
imperfect,,,,,,,,1.0,,,,
setters,,,,,,,,1.0,,,,
leverage,,,,,,,,1.0,,,,
manhole,,,,,,,,1.0,,,,
trend,,,,,,,,1.0,,,,
york,,,,,,,,1.0,,,,
demand-driven,,,,,,,,1.0,,,,
trends,,,,,,,,1.0,,,,
city,,,,,,,,1.0,,,,
artist,,,,,,,,1.0,,,,
budgets,,,,,,,,1.0,,,1.0,
test-time,,,,,,,,1.0,,,,
miser,,,,,,,,1.0,,,,
weakly,,,,,,,,1.0,,1.0,,1.0
recall,,,,,,,,1.0,,,,
describe,,,,,,,,1.0,,,,
campaigns,,,,,,,,1.0,,,,
factorized,,,,,,,,1.0,,1.0,1.0,
serie,,,,,,,,1.0,,,,
extreme,,,,,,,,1.0,,,,3.0
sparse-gev,,,,,,,,1.0,,,,
watermark,,,,,,,,1.0,,,,
analysers,,,,,,,,1.0,,,,
nonparametrics,,,,,,,,1.0,,,,
restriction,,,,,,,,1.0,,,,
covariate,,,,,,,,1.0,,1.0,1.0,1.0
tighter,,,,,,,,1.0,,,,
confusion,,,,,,,,1.0,,1.0,,
split-merge,,,,,,,,1.0,,,,
k-nearest,,,,,,,,1.0,,,,1.0
complete,,,,,,,,1.0,,,1.0,
shortest,,,,,,,,1.0,,,,
l_1p,,,,,,,,1.0,,,,
nets,,,,,,,,1.0,,2.0,,
comparison-based,,,,,,,,1.0,,,,
homotopy,,,,,,,,1.0,,2.0,,
proximal-gradient,,,,,,,,1.0,,,,
ising,,,,,,,,1.0,,,,1.0
decoupling,,,,,,,,1.0,,,,
exploitation,,,,,,,,1.0,,,,
class-prior,,,,,,,,1.0,,,,
identify,,,,,,,,1.0,,,,
regular,,,,,,,,1.0,,,,
expressions,,,,,,,,1.0,,,,
balance,,,,,,,,1.0,,1.0,,
conversational,,,,,,,,1.0,,,,
perturbations,,,,,,,,1.0,,1.0,,
tucker,,,,,,,,1.0,,,,1.0
multiway,,,,,,,,1.0,,1.0,,1.0
inferring,,,,,,,,1.0,,,1.0,
cointegration,,,,,,,,1.0,,,,
differentially,,,,,,,,1.0,,1.0,1.0,2.0
private,,,,,,,,1.0,,2.0,2.0,3.0
overlap,,,,,,,,1.0,,,,
semiparametric,,,,,,,,1.0,,1.0,,
a-posteriori,,,,,,,,1.0,,1.0,,
(parallel),,,,,,,,1.0,,,,
marginalized,,,,,,,,1.0,1.0,1.0,,
copula-based,,,,,,,,1.0,,,,
affiliated,,,,,,,,1.0,,,,
projection-free,,,,,,,,1.0,1.0,,,1.0
matters,,,,,,,,1.0,,,,
purity,,,,,,,,1.0,,,,
covers,,,,,,,,1.0,,,,
justifications,,,,,,,,1.0,,,,
polyphonic,,,,,,,,1.0,,,,
high-dimension,,,,,,,,1.0,,,,
insight,,,,,,,,1.0,,,,
adversary,,,,,,,,1.0,,,,
monitoring,,,,,,,,1.0,,1.0,,
posterior,,,,,,,,1.0,,3.0,2.0,
big,,,,,,,,1.0,,3.0,1.0,
operator,,,,,,,,1.0,,,,
consumer,,,,,,,,1.0,,,,
behavior,,,,,,,,1.0,,1.0,,1.0
commerce,,,,,,,,1.0,,,,
regressors,,,,,,,,1.0,,,,
unachievable,,,,,,,,1.0,,,,
safe,,,,,,,,1.0,,1.0,4.0,1.0
unbalanced,,,,,,,,1.0,,,,
mixing,,,,,,,,1.0,1.0,,,2.0
coefficients,,,,,,,,1.0,,,,
perception,,,,,,,,1.0,,,,1.0
parameterized,,,,,,,,1.0,,1.0,1.0,
skills,,,,,,,,1.0,,1.0,,
varying,,,,,,,,1.0,,,,
lambertian,,,,,,,,1.0,,,,
poisoning,,,,,,,,1.0,,,1.0,
regularizers,,,,,,,,1.0,,,,1.0
utilizing,,,,,,,,1.0,,,,
metadata,,,,,,,,1.0,,,1.0,
spatially,,,,,,,,1.0,,,,
equivalence,,,,,,,,1.0,,2.0,,
small-sample,,,,,,,,1.0,,,,
pseudo-likelihood,,,,,,,,1.0,,,,
designs,,,,,,,,1.0,,,,
anytime,,,,,,,,1.0,,1.0,1.0,2.0
static,,,,,,,,1.0,,,,
code,,,,,,,,1.0,,1.0,2.0,2.0
accelerate,,,,,,,,1.0,,,,
f-measure,,,,,,,,1.0,,,,1.0
tale,,,,,,,,1.0,,,1.0,
intersection,,,,,,,,1.0,,,,
strongly,,,,,,,,1.0,,,2.0,
provably,,,,,,,,1.0,,,1.0,
max-norm,,,,,,,,1.0,,,,
distributionally,,,,,,,,1.0,,,,
improvement,,,,,,,,1.0,,,1.0,1.0
integral,,,,,,,,1.0,,,,
decomposed,,,,,,,,1.0,,,,
factorial,,,,,,,,1.0,,1.0,1.0,
communications,,,,,,,,1.0,,,,
inspired,,,,,,,,1.0,,,,
minimizations,,,,,,,,1.0,,,,
sgd,,,,,,,,1.0,,,,1.0
kingdom,,,,,,,,1.0,,,,
trait,,,,,,,,1.0,,,,
push,,,,,,,,1.0,,,,
dantzig,,,,,,,,1.0,,,,
selector,,,,,,,,1.0,,,,
filling,,,,,,,,1.0,,,,
l_1,,,,,,,,1.0,,,,
probit,,,,,,,,1.0,,,,
annotations,,,,,,,,1.0,,,,
plant,,,,,,,,1.0,,,,
gap,,,,,,,,1.0,,1.0,2.0,
landmark,,,,,,,,1.0,,,,
botnets,,,,,,,,1.0,,,,
dependency-seeking,,,,,,,,1.0,,,,
coordinated,,,,,,,,1.0,,,,
subgradient,,,,,,,,1.0,,,,
smoothness,,,,,,,,1.0,,1.0,,
proxy,,,,,,,,1.0,,,,
decompositions,,,,,,,,1.0,1.0,,,1.0
examples,,,,,,,,1.0,,,,1.0
levels,,,,,,,,1.0,,,,
levy,,,,,,,,1.0,,,,
high-level,,,,,,,,1.0,,,,
brl,,,,,,,,1.0,,,,
transitions,,,,,,,,1.0,,1.0,,
bilinear,,,,,,,,1.0,,1.0,1.0,
hyperplane,,,,,,,,1.0,,,,
anticausal,,,,,,,,1.0,,,,
coupled,,,,,,,,1.0,,1.0,,
twice,,,,,,,,1.0,,,,
strike,,,,,,,,1.0,,,,
not,,,,,,,,1.0,,,,
does,,,,,,,,1.0,,,1.0,
lightning,,,,,,,,1.0,,,,
independence,,,,,,,,1.0,1.0,1.0,,1.0
ancestral,,,,,,,,1.0,,,,
maximal,,,,,,,,1.0,,1.0,,1.0
path-constraints,,,,,,,,1.0,,,,
confusions,,,,,,,,1.0,,,,
difficulty,,,,,,,,1.0,,,,
exclusivity,,,,,,,,1.0,,,,
compliant,,,,,,,,1.0,,,,
robotic,,,,,,,,1.0,,,,
manipulation,,,,,,,,1.0,,,,
simultaneously,,,,,,,,1.0,,1.0,,
low,,,,,,,,1.0,,,4.0,1.0
coactive,,,,,,,,1.0,,,,
truelabel,,,,,,,,1.0,,,,
frequency,,,,,,,,1.0,,,2.0,
data-driven,,,,,,,,1.0,,,,1.0
participants,,,,,,,,1.0,,,,
exemplar-svms,,,,,,,,1.0,,,,
ob,,,,,,,,1.0,,,,
content,,,,,,,,1.0,,,,
ject,,,,,,,,1.0,,,,
capturing,,,,,,,,1.0,,,,
topical,,,,,,,,1.0,,1.0,,
words,,,,,,,,1.0,,1.0,,
gaussians,,,,,,,,1.0,,1.0,,
groupwise,,,,,,,,1.0,,,,
loss-based,,,,,,,,1.0,,,,
aerial,,,,,,,,1.0,,,,
reverse-engineering,,,,,,,,1.0,,,,
soft-clique,,,,,,,,1.0,,,,
sampled,,,,,,,,1.0,,,,
circuit,,,,,,,,1.0,,,,
soft,,,,,,,,1.0,,,,
emerging,,,,,,,,1.0,,,,
nonexhaustive,,,,,,,,1.0,,,,
misclassification,,,,,,,,1.0,,,,
passive,,,,,,,,1.0,,,,
determination,,,,,,,,1.0,,1.0,,
negative,,,,,,,,1.0,,1.0,,
parallelizing,,,,,,,,1.0,,,,
exploration-exploitation,,,,,,,,1.0,,,,
tradeoffs,,,,,,,,1.0,,,,
surveying,,,,,,,,1.0,,,,
lognormal,,,,,,,,1.0,,,,
binomial,,,,,,,,1.0,,,,
crowdsourcing,,,,,,,,1.0,,1.0,2.0,2.0
high-dimensions,,,,,,,,1.0,,,,
grouped,,,,,,,,1.0,,,,
aptitude,,,,,,,,1.0,,,,
answers,,,,,,,,1.0,,,,
associated,,,,,,,,1.0,,,,
aoso-logitboost,,,,,,,,1.0,,,,
one-vs-one,,,,,,,,1.0,,,,
logitboost,,,,,,,,1.0,,1.0,,
knowing,,,,,,,,1.0,,,,
melodic,,,,,,,,1.0,,,,
grade,,,,,,,,1.0,,,,
transformed,,,,,,,,1.0,,,,
adiabatic,,,,,,,,1.0,,,,
hessian,,,,,,,,1.0,,,,
back-propagating,,,,,,,,1.0,,,,
curvature,,,,,,,,1.0,,,1.0,1.0
outputs,,,,,,,,1.0,,,,
contextual,,,,,,,,1.0,,2.0,,3.0
utility,,,,,,,,1.0,,,,
agglomerative,,,,,,,,1.0,,,,
isoelastic,,,,,,,,1.0,,,,
agents,,,,,,,,1.0,,,,
wealth,,,,,,,,1.0,,,,
multi-group,,,,,,,,1.0,,,,
exchangeability,,,,,,,,1.0,,,,
martingales,,,,,,,,1.0,,,,
arrangements,,,,,,,,1.0,,,,
collapsed,,,,,,,,1.0,,,,2.0
subpath,,,,,,,,1.0,,,,
euler's,,,,,,,,1.0,,,,
elastica,,,,,,,,1.0,,,,
loop,,,,,,,,1.0,,,,
values,,,,,,,,1.0,,,,
multi-level,,,,,,,,1.0,,,,
rethinking,,,,,,,,1.0,,,,
ratio,,,,,,,,1.0,,1.0,,2.0
diameter,,,,,,,,1.0,,,,
neighbourhood,,,,,,,,1.0,,,,
moving,,,,,,,,1.0,,,,1.0
average,,,,,,,,1.0,1.0,,,
reversion,,,,,,,,1.0,,,,
preserved,,,,,,,,1.0,,,,
after,,,,,,,,1.0,,,,
normalized,,,,,,,,1.0,1.0,1.0,,
state-space,,,,,,,,1.0,,,,
satellite,,,,,,,,1.0,,,,
orbit,,,,,,,,1.0,,,,
dags,,,,,,,,1.0,,,,
algebraic,,,,,,,,1.0,,,,
identifiability,,,,,,,,1.0,,,,
lp,,,,,,,,1.0,,1.0,,1.0
putting,,,,,,,,1.0,,1.0,,
lpqp,,,,,,,,1.0,,,,
recommendation,,,,,,,,1.0,,,,1.0
social,,,,,,,,1.0,1.0,1.0,,
square,,,,,,,,1.0,,1.0,,1.0
diagonalization,,,,,,,,1.0,,,,
shrinkage,,,,,,,,,2.0,,,
frank-wolfe,,,,,,,,,2.0,1.0,1.0,2.0
visualization,,,,,,,,,1.0,,,
generic,,,,,,,,,1.0,1.0,,
dropout,,,,,,,,,1.0,1.0,,2.0
k-armed,,,,,,,,,1.0,1.0,,
voting,,,,,,,,,1.0,,1.0,
ellipsoidal,,,,,,,,,1.0,,,
disjunctions,,,,,,,,,1.0,,,
fractional,,,,,,,,,1.0,,,
demonstration,,,,,,,,,1.0,,,
vanishing,,,,,,,,,1.0,,,
kwik,,,,,,,,,1.0,,,
mutually,,,,,,,,,1.0,,,
forecastable,,,,,,,,,1.0,,,
exciting,,,,,,,,,1.0,,,
corpora,,,,,,,,,1.0,,,
inequalities,,,,,,,,,1.0,1.0,1.0,
thurstonian,,,,,,,,,1.0,,,
non-convex,,,,,,,,,1.0,,1.0,3.0
thresholding,,,,,,,,,1.0,1.0,,1.0
stratified,,,,,,,,,1.0,,,1.0
stratification,,,,,,,,,1.0,,,
copulas,,,,,,,,,1.0,,,
vine,,,,,,,,,1.0,,,
viral,,,,,,,,,1.0,,,
calibration,,,,,,,,,1.0,,,
correct,,,,,,,,,1.0,,,
manifested,,,,,,,,,1.0,,,
provable,,,,,,,,,1.0,2.0,1.0,3.0
inversions,,,,,,,,,1.0,,,
cholesky,,,,,,,,,1.0,,,
fmri,,,,,,,,,1.0,,,
questionnaires,,,,,,,,,1.0,,,
mind,,,,,,,,,1.0,,1.0,
exploring,,,,,,,,,1.0,,,
automatically,,,,,,,,,1.0,,,
concerns,,,,,,,,,1.0,,,
margins,,,,,,,,,1.0,1.0,,
hilbert-schmidt,,,,,,,,,1.0,,,
activized,,,,,,,,,1.0,,,
single-molecule,,,,,,,,,1.0,,,
kinetic,,,,,,,,,1.0,,,
hierarchically-coupled,,,,,,,,,1.0,,,
invariances,,,,,,,,,1.0,,,
curse,,,,,,,,,1.0,,,
taming,,,,,,,,,1.0,1.0,,
ram,,,,,,,,,1.0,,,
less,,,,,,,,,1.0,,,
centered,,,,,,,,,1.0,,1.0,
criterion,,,,,,,,,1.0,,1.0,
software,,,,,,,,,1.0,,,
subtly,,,,,,,,,1.0,,,
external,,,,,,,,,1.0,,,
lattice,,,,,,,,,1.0,,,
sum,,,,,,,,,1.0,,,
strict,,,,,,,,,1.0,,,
tied,,,,,,,,,1.0,,,
bi-clustering,,,,,,,,,1.0,,1.0,
monochromatic,,,,,,,,,1.0,,,
biclustering,,,,,,,,,1.0,,,1.0
sublinear,,,,,,,,,1.0,,1.0,1.0
subtle,,,,,,,,,1.0,,,
musical,,,,,,,,,1.0,,,1.0
simplex,,,,,,,,,1.0,,,
point-wise,,,,,,,,,1.0,,,
jointly,,,,,,,,,1.0,,,
causation,,,,,,,,,1.0,,,
sada,,,,,,,,,1.0,,,
representer,,,,,,,,,1.0,1.0,,
subproblem-tree,,,,,,,,,1.0,,,
theorem,,,,,,,,,1.0,,1.0,1.0
characterizing,,,,,,,,,1.0,,,
radius-margin,,,,,,,,,1.0,,,
sparselets,,,,,,,,,1.0,,,
activated,,,,,,,,,1.0,,,
column,,,,,,,,,1.0,,1.0,1.0
piecewise-linear,,,,,,,,,1.0,,,
fixed-point,,,,,,,,,1.0,,1.0,
non-gaussian,,,,,,,,,1.0,,2.0,
identifications,,,,,,,,,1.0,,,
connecting,,,,,,,,,1.0,,,
near-separable,,,,,,,,,1.0,,,
hull,,,,,,,,,1.0,,,
conical,,,,,,,,,1.0,,,
domain-invariant,,,,,,,,,1.0,,,
landmarks,,,,,,,,,1.0,,,
dots,,,,,,,,,1.0,,,
hash,,,,,,,,,1.0,,,1.0
non-smooth,,,,,,,,,1.0,,,
block-coordinate,,,,,,,,,1.0,,,1.0
sparsity-based,,,,,,,,,1.0,,,
cross-validation,,,,,,,,,1.0,1.0,,
slam,,,,,,,,,1.0,,,
range-only,,,,,,,,,1.0,,,
microscopy,,,,,,,,,1.0,,,
electron,,,,,,,,,1.0,,,
multipliers,,,,,,,,,1.0,4.0,1.0,
hundreds,,,,,,,,,1.0,,,
science,,,,,,,,,1.0,,,
nonconvex,,,,,,,,,1.0,,1.0,3.0
aggressive,,,,,,,,,1.0,,,
halfspaces,,,,,,,,,1.0,,,
multi-objective,,,,,,,,,1.0,,,1.0
projected,,,,,,,,,1.0,,,
collection,,,,,,,,,1.0,,,
multidimensional,,,,,,,,,1.0,,,
crowdsourced,,,,,,,,,1.0,1.0,,2.0
ella,,,,,,,,,1.0,,,
decomposable,,,,,,,,,1.0,,1.0,
bounded-treewidth,,,,,,,,,1.0,,,
lifelong,,,,,,,,,1.0,3.0,1.0,
visible,,,,,,,,,1.0,,,
real-valued,,,,,,,,,1.0,,,
a*,,,,,,,,,1.0,,,
tsybakov,,,,,,,,,1.0,,,
dbns,,,,,,,,,1.0,,,
frontier,,,,,,,,,1.0,,,1.0
multiplier,,,,,,,,,1.0,,,
distribution-oblivious,,,,,,,,,1.0,,,
mirror,,,,,,,,,1.0,,,1.0
condition,,,,,,,,,1.0,,,
uniform,,,,,,,,,1.0,,1.0,
concentration,,,,,,,,,,4.0,2.0,
moments,,,,,,,,,,3.0,,2.0
pursuit,,,,,,,,,,3.0,,1.0
hamiltonian,,,,,,,,,,3.0,2.0,2.0
groups,,,,,,,,,,2.0,,
languages,,,,,,,,,,2.0,,
mutual,,,,,,,,,,2.0,,
algorithmic,,,,,,,,,,2.0,1.0,
maps,,,,,,,,,,2.0,1.0,
node,,,,,,,,,,2.0,1.0,
smooth,,,,,,,,,,2.0,,1.0
highly,,,,,,,,,,2.0,,
aggregating,,,,,,,,,,2.0,,
understanding,,,,,,,,,,2.0,,2.0
metropolis-hastings,,,,,,,,,,2.0,,
query,,,,,,,,,,2.0,,
outlier,,,,,,,,,,2.0,,
exchangeable,,,,,,,,,,2.0,,
estimator,,,,,,,,,,2.0,1.0,1.0
reversible,,,,,,,,,,2.0,1.0,
tagging,,,,,,,,,,2.0,,
elementary,,,,,,,,,,2.0,,
renyi,,,,,,,,,,2.0,,
wasserstein,,,,,,,,,,2.0,,
asynchronous,,,,,,,,,,2.0,2.0,2.0
display,,,,,,,,,,1.0,,
resampling,,,,,,,,,,1.0,,
ctr,,,,,,,,,,1.0,,
falling,,,,,,,,,,1.0,,
ensemble-based,,,,,,,,,,1.0,,
fokker-planck,,,,,,,,,,1.0,,
theorems,,,,,,,,,,1.0,,
friends,,,,,,,,,,1.0,,1.0
circulant,,,,,,,,,,1.0,,
bottleneck,,,,,,,,,,1.0,,
cold-start,,,,,,,,,,1.0,,
permutable,,,,,,,,,,1.0,,
faster,,,,,,,,,,1.0,4.0,6.0
soft-thresholding,,,,,,,,,,1.0,,
centers,,,,,,,,,,1.0,,
meta-gaussian,,,,,,,,,,1.0,,
finito,,,,,,,,,,1.0,,
stein,,,,,,,,,,1.0,,1.0
malformations,,,,,,,,,,1.0,,
physics-based,,,,,,,,,,1.0,,
cardinal,,,,,,,,,,1.0,,
signed-rank,,,,,,,,,,1.0,,
wilcoxon,,,,,,,,,,1.0,,
min-cuts,,,,,,,,,,1.0,,
recovers,,,,,,,,,,1.0,,
hard-margin,,,,,,,,,,1.0,,
algorithmsa,,,,,,,,,,1.0,,
types,,,,,,,,,,1.0,,
min-max,,,,,,,,,,1.0,,
anti-differentiating,,,,,,,,,,1.0,,
cortical,,,,,,,,,,1.0,,
equation,,,,,,,,,,1.0,,
epileptogenic,,,,,,,,,,1.0,,
ito,,,,,,,,,,1.0,,
train,,,,,,,,,,1.0,,2.0
bayes-optimal,,,,,,,,,,1.0,,
barycenters,,,,,,,,,,1.0,,
one-bit,,,,,,,,,,1.0,1.0,1.0
communication-efficient,,,,,,,,,,1.0,,
preference-based,,,,,,,,,,1.0,,
land,,,,,,,,,,1.0,,
step,,,,,,,,,,1.0,,
stretching,,,,,,,,,,1.0,,
irreducible,,,,,,,,,,1.0,,
commutative,,,,,,,,,,1.0,,
lie,,,,,,,,,,1.0,,
end-to-end,,,,,,,,,,1.0,,2.0
multi-period,,,,,,,,,,1.0,,
gradient-based,,,,,,,,,,1.0,2.0,1.0
consensus,,,,,,,,,,1.0,,1.0
admm,,,,,,,,,,1.0,1.0,1.0
semi-nmf,,,,,,,,,,1.0,,
superset,,,,,,,,,,1.0,,
localize,,,,,,,,,,1.0,,
learnability,,,,,,,,,,1.0,,
monster,,,,,,,,,,1.0,,
median,,,,,,,,,,1.0,,1.0
warping,,,,,,,,,,1.0,,
mahalanobis,,,,,,,,,,1.0,1.0,
morphology,,,,,,,,,,1.0,,
polynomials,,,,,,,,,,1.0,,
non-conjugate,,,,,,,,,,1.0,,
gev-canonical,,,,,,,,,,1.0,,
normalised,,,,,,,,,,1.0,,
tensors,,,,,,,,,,1.0,,
character-level,,,,,,,,,,1.0,,
part-of-speech,,,,,,,,,,1.0,,
saddle,,,,,,,,,,1.0,,
contagion,,,,,,,,,,1.0,,
(without,,,,,,,,,,1.0,,
timestamps),,,,,,,,,,1.0,,
clockwork,,,,,,,,,,1.0,,
rnn,,,,,,,,,,1.0,,
latent-variable,,,,,,,,,,1.0,,
universal,,,,,,,,,,1.0,1.0,1.0
adaptivity,,,,,,,,,,1.0,,
variant,,,,,,,,,,1.0,1.0,
inferning,,,,,,,,,,1.0,,
girth,,,,,,,,,,1.0,,
mart,,,,,,,,,,1.0,,
nonnegativity,,,,,,,,,,1.0,,
time-regularized,,,,,,,,,,1.0,,
interrupting,,,,,,,,,,1.0,,
(trio),,,,,,,,,,1.0,,
volume,,,,,,,,,,1.0,,
further,,,,,,,,,,1.0,,
adjustment,,,,,,,,,,1.0,,
modes,,,,,,,,,,1.0,,
messages,,,,,,,,,,1.0,,
release,,,,,,,,,,1.0,,
sentences,,,,,,,,,,1.0,,
affinity,,,,,,,,,,1.0,,
chebyshev,,,,,,,,,,1.0,1.0,
presentation,,,,,,,,,,1.0,,
modification,,,,,,,,,,1.0,,
equations,,,,,,,,,,1.0,,1.0
multi-stage,,,,,,,,,,1.0,,
non-random,,,,,,,,,,1.0,,
pursuit-evasion,,,,,,,,,,1.0,,
f-adjusted,,,,,,,,,,1.0,,
ordinary,,,,,,,,,,1.0,1.0,
macro-action,,,,,,,,,,1.0,,
non-uniform,,,,,,,,,,1.0,,1.0
uncertainties,,,,,,,,,,1.0,,
genga,,,,,,,,,,1.0,,
differential,,,,,,,,,,1.0,1.0,1.0
count,,,,,,,,,,1.0,1.0,
disentangle,,,,,,,,,,1.0,,
skip,,,,,,,,,,1.0,,
anomaly,,,,,,,,,,1.0,1.0,2.0
quasi-monte,,,,,,,,,,1.0,,
shift-invariant,,,,,,,,,,1.0,,
eigenvectors,,,,,,,,,,1.0,1.0,
leveraging,,,,,,,,,,1.0,,
forward-backward,,,,,,,,,,1.0,,
cardinality,,,,,,,,,,1.0,,
diagnosis,,,,,,,,,,1.0,,
worst,,,,,,,,,,1.0,,
thompson,,,,,,,,,,1.0,1.0,
multi-step,,,,,,,,,,1.0,,
dimension-free,,,,,,,,,,1.0,,
hankel,,,,,,,,,,1.0,,
discrepancy,,,,,,,,,,1.0,,1.0
td(lambda),,,,,,,,,,1.0,,
bag,,,,,,,,,,1.0,,
decaf,,,,,,,,,,1.0,,
activation,,,,,,,,,,1.0,,2.0
sentence,,,,,,,,,,1.0,,
narrowing,,,,,,,,,,1.0,,
forests,,,,,,,,,,1.0,1.0,
asymptotically,,,,,,,,,,1.0,1.0,
coordinate-descent,,,,,,,,,,1.0,,
givens,,,,,,,,,,1.0,,
rotations,,,,,,,,,,1.0,,
densifying,,,,,,,,,,1.0,,
rotation,,,,,,,,,,1.0,,
near,,,,,,,,,,1.0,,1.0
divide-and-conquer,,,,,,,,,,1.0,,
some,,,,,,,,,,1.0,1.0,1.0
subsampling,,,,,,,,,,1.0,2.0,
forecasts,,,,,,,,,,1.0,,1.0
buffer,,,,,,,,,,1.0,,
topological,,,,,,,,,,1.0,,1.0
regbayes,,,,,,,,,,1.0,,
selectively,,,,,,,,,,1.0,,
professional,,,,,,,,,,1.0,,
diagram,,,,,,,,,,1.0,,
revenue,,,,,,,,,,1.0,,
second,,,,,,,,,,1.0,,
basketball,,,,,,,,,,1.0,,
spatial,,,,,,,,,,1.0,1.0,
semi-markov,,,,,,,,,,1.0,,
austerity,,,,,,,,,,1.0,,
contraction,,,,,,,,,,1.0,,
gpus,,,,,,,,,,1.0,,
histogram,,,,,,,,,,1.0,,
pricing,,,,,,,,,,1.0,,1.0
retail,,,,,,,,,,1.0,,
transaction,,,,,,,,,,1.0,,
massive,,,,,,,,,,1.0,1.0,1.0
horizon,,,,,,,,,,1.0,,
k-d,,,,,,,,,,1.0,,
price,,,,,,,,,,1.0,,
auctions,,,,,,,,,,1.0,,
reserve,,,,,,,,,,1.0,,
guarantee,,,,,,,,,,1.0,,1.0
iterations,,,,,,,,,,1.0,,
fewer,,,,,,,,,,1.0,,
bouligand,,,,,,,,,,1.0,,
low-density,,,,,,,,,,1.0,,
parametric,,,,,,,,,,1.0,,1.0
rank-breaking,,,,,,,,,,1.0,,
targets,,,,,,,,,,1.0,,1.0
passive-aggressive,,,,,,,,,,1.0,,
arrival,,,,,,,,,,1.0,,
bandits.,,,,,,,,,,1.0,,
parity,,,,,,,,,,1.0,,1.0
hashing-based,,,,,,,,,,1.0,,
multiarmed,,,,,,,,,,1.0,,
mises-fisher,,,,,,,,,,1.0,,
paid,,,,,,,,,,1.0,,
multilevel,,,,,,,,,,1.0,,
group-level,,,,,,,,,,1.0,,
contexts,,,,,,,,,,1.0,,
von,,,,,,,,,,1.0,,
true,,,,,,,,,,1.0,,1.0
sum-product,,,,,,,,,,1.0,1.0,2.0
single-pass,,,,,,,,,,1.0,,
response,,,,,,,,,,1.0,,
realizing,,,,,,,,,,1.0,,
probabilistically,,,,,,,,,,1.0,,
annotators,,,,,,,,,,1.0,,1.0
state-relevance,,,,,,,,,,1.0,,
accuracy,,,,,,,,,,1.0,,2.0
improves,,,,,,,,,,1.0,,
other,,,,,,,,,,1.0,,1.0
tiling,,,,,,,,,,1.0,,
heuristic-based,,,,,,,,,,1.0,,
signal,,,,,,,,,,1.0,,
pac-inspired,,,,,,,,,,1.0,,
feature-aware,,,,,,,,,,1.0,,
rectangular,,,,,,,,,,1.0,,
grid,,,,,,,,,,1.0,,1.0
quasi-clustering,,,,,,,,,,1.0,,
demystifying,,,,,,,,,,1.0,,
globally,,,,,,,,,,1.0,,
q(lambda),,,,,,,,,,1.0,,
interim,,,,,,,,,,1.0,,
guess-averse,,,,,,,,,,1.0,,
misspecification,,,,,,,,,,1.0,,
convergent,,,,,,,,,,1.0,,
deviations,,,,,,,,,,1.0,,
time),,,,,,,,,,1.0,,
absolute,,,,,,,,,,1.0,,
existence,,,,,,,,,,1.0,,
revisited,,,,,,,,,,1.0,,
users,,,,,,,,,,1.0,,
common,,,,,,,,,,1.0,,
automated,,,,,,,,,,1.0,,
intelligence,,,,,,,,,,1.0,,
venues,,,,,,,,,,1.0,,
median-of-means,,,,,,,,,,1.0,,
p-norm,,,,,,,,,,1.0,,
sparsity-constrained,,,,,,,,,,1.0,,
minimizers,,,,,,,,,,1.0,,
heavy-tailed,,,,,,,,,,1.0,1.0,1.0
assessing,,,,,,,,,,1.0,,
detailed,,,,,,,,,,1.0,,
secondary,,,,,,,,,,1.0,,
unbounded,,,,,,,,,,1.0,,
heat,,,,,,,,,,1.0,,
near-optimally,,,,,,,,,,1.0,,
backprop,,,,,,,,,,1.0,,
isotropic,,,,,,,,,,1.0,,
statistical-computational,,,,,,,,,,1.0,,
phase,,,,,,,,,,1.0,,1.0
teaching,,,,,,,,,,1.0,,1.0
background,,,,,,,,,,1.0,,
trainable,,,,,,,,,,1.0,,
arm,,,,,,,,,,1.0,,
submodularity,,,,,,,,,,1.0,1.0,
selfish,,,,,,,,,,1.0,,
routing,,,,,,,,,,1.0,,
improving,,,,,,,,,,1.0,1.0,1.0
bootstrapping,,,,,,,,,,1.0,,
pitfalls,,,,,,,,,,1.0,,
saliency,,,,,,,,,,,2.0,
composition,,,,,,,,,,,2.0,
fundamental,,,,,,,,,,,2.0,
cascades,,,,,,,,,,,2.0,
small-variance,,,,,,,,,,,2.0,
affine,,,,,,,,,,,2.0,
length,,,,,,,,,,,2.0,
primal-dual,,,,,,,,,,,2.0,1.0
top,,,,,,,,,,,2.0,
k-hyperplane,,,,,,,,,,,1.0,
converges,,,,,,,,,,,1.0,
hinge-minimax,,,,,,,,,,,1.0,
gauss-southwell,,,,,,,,,,,1.0,
mechanistic,,,,,,,,,,,1.0,
controversy,,,,,,,,,,,1.0,
flows,,,,,,,,,,,1.0,
normalizing,,,,,,,,,,,1.0,
lstd(__),,,,,,,,,,,1.0,
co-ordinate,,,,,,,,,,,1.0,
short-term,,,,,,,,,,,1.0,1.0
long,,,,,,,,,,,1.0,1.0
bernoulli,,,,,,,,,,,1.0,1.0
kronecker-factored,,,,,,,,,,,1.0,1.0
subspace-sparse,,,,,,,,,,,1.0,
intervals,,,,,,,,,,,1.0,
lovasz,,,,,,,,,,,1.0,
mad-bayes,,,,,,,,,,,1.0,
pu,,,,,,,,,,,1.0,
nearly-isotonic,,,,,,,,,,,1.0,
rebuilding,,,,,,,,,,,1.0,
queuing,,,,,,,,,,,1.0,
double,,,,,,,,,,,1.0,
scheme,,,,,,,,,,,1.0,
junctions,,,,,,,,,,,1.0,
event,,,,,,,,,,,1.0,1.0
ecology,,,,,,,,,,,1.0,
satisfying,,,,,,,,,,,1.0,
gp,,,,,,,,,,,1.0,
approximators,,,,,,,,,,,1.0,
mondrian,,,,,,,,,,,1.0,
zero-one,,,,,,,,,,,1.0,
two-player,,,,,,,,,,,1.0,
zero-sum,,,,,,,,,,,1.0,
splice,,,,,,,,,,,1.0,
entropy-based,,,,,,,,,,,1.0,
threshold,,,,,,,,,,,1.0,
entries,,,,,,,,,,,1.0,
multiview,,,,,,,,,,,1.0,2.0
triplet,,,,,,,,,,,1.0,
guaranteed,,,,,,,,,,,1.0,
quantile-based,,,,,,,,,,,1.0,
l1p-norm,,,,,,,,,,,1.0,
multi-layer,,,,,,,,,,,1.0,
moderated,,,,,,,,,,,1.0,
draw,,,,,,,,,,,1.0,
cause-effect,,,,,,,,,,,1.0,
cur,,,,,,,,,,,1.0,
allocating,,,,,,,,,,,1.0,
dimensionality-reduced,,,,,,,,,,,1.0,
mra-based,,,,,,,,,,,1.0,
drifting,,,,,,,,,,,1.0,
edge-aware,,,,,,,,,,,1.0,
histograms,,,,,,,,,,,1.0,
scale-free,,,,,,,,,,,1.0,
causes,,,,,,,,,,,1.0,
exoplanet,,,,,,,,,,,1.0,
aitchison,,,,,,,,,,,1.0,
degree,,,,,,,,,,,1.0,
row-and-column,,,,,,,,,,,1.0,
systematic,,,,,,,,,,,1.0,
permutations,,,,,,,,,,,1.0,
adding,,,,,,,,,,,1.0,
thermodynamics,,,,,,,,,,,1.0,
vs.,,,,,,,,,,,1.0,
nonequilibrium,,,,,,,,,,,1.0,
feature-budgeted,,,,,,,,,,,1.0,
pre-image,,,,,,,,,,,1.0,
removing,,,,,,,,,,,1.0,1.0
inner,,,,,,,,,,,1.0,1.0
captioning,,,,,,,,,,,1.0,
context-based,,,,,,,,,,,1.0,
cheap,,,,,,,,,,,1.0,
phrase-based,,,,,,,,,,,1.0,
celeste,,,,,,,,,,,1.0,
your,,,,,,,,,,,1.0,
astronomical,,,,,,,,,,,1.0,
bimodal,,,,,,,,,,,1.0,
teacher,,,,,,,,,,,1.0,
zero-shot,,,,,,,,,,,1.0,
pseudo-max-marginals,,,,,,,,,,,1.0,
proteins,,,,,,,,,,,1.0,
show,,,,,,,,,,,1.0,
embarrassingly,,,,,,,,,,,1.0,
homology,,,,,,,,,,,1.0,
attend,,,,,,,,,,,1.0,
tell,,,,,,,,,,,1.0,
caption,,,,,,,,,,,1.0,
kendall,,,,,,,,,,,1.0,
lshs,,,,,,,,,,,1.0,
replay,,,,,,,,,,,1.0,
play,,,,,,,,,,,1.0,
numerical,,,,,,,,,,,1.0,1.0
interpolation,,,,,,,,,,,1.0,
(kiss-gp),,,,,,,,,,,1.0,
time-dependent,,,,,,,,,,,1.0,
passcode,,,,,,,,,,,1.0,
secure,,,,,,,,,,,1.0,
along,,,,,,,,,,,1.0,
stay,,,,,,,,,,,1.0,
look,,,,,,,,,,,1.0,
deeper,,,,,,,,,,,1.0,
compressing,,,,,,,,,,,1.0,
subsampled,,,,,,,,,,,1.0,
edge,,,,,,,,,,,1.0,
intersecting,,,,,,,,,,,1.0,
trick,,,,,,,,,,,1.0,
log-supermodular,,,,,,,,,,,1.0,
factorizing,,,,,,,,,,,1.0,
modulated,,,,,,,,,,,1.0,
calibrated,,,,,,,,,,,1.0,
surrogates,,,,,,,,,,,1.0,
sparsely,,,,,,,,,,,1.0,
combinatorially,,,,,,,,,,,1.0,
pushing,,,,,,,,,,,1.0,
advertisers,,,,,,,,,,,1.0,
multi-dimensional,,,,,,,,,,,1.0,
(hyper-)parameter,,,,,,,,,,,1.0,
normalization,,,,,,,,,,,1.0,1.0
benefits,,,,,,,,,,,1.0,
safer,,,,,,,,,,,1.0,
disco,,,,,,,,,,,1.0,
self-concordant,,,,,,,,,,,1.0,
mle,,,,,,,,,,,1.0,
top-k,,,,,,,,,,,1.0,
paired-dual,,,,,,,,,,,1.0,
hinge-loss,,,,,,,,,,,1.0,
maxent,,,,,,,,,,,1.0,
strongly-convex,,,,,,,,,,,1.0,
yinyang,,,,,,,,,,,1.0,
drop-in,,,,,,,,,,,1.0,
replacement,,,,,,,,,,,1.0,
classic,,,,,,,,,,,1.0,
speedup,,,,,,,,,,,1.0,
incompatibility,,,,,,,,,,,1.0,
landmarking,,,,,,,,,,,1.0,
outlier-robust,,,,,,,,,,,1.0,
pca-like,,,,,,,,,,,1.0,
divide,,,,,,,,,,,1.0,
conquer,,,,,,,,,,,1.0,
rectifier,,,,,,,,,,,1.0,2.0
achieve,,,,,,,,,,,1.0,
preserve,,,,,,,,,,,1.0,
undiscounted,,,,,,,,,,,1.0,
sums,,,,,,,,,,,1.0,1.0
transferable,,,,,,,,,,,1.0,1.0
class-probability,,,,,,,,,,,1.0,1.0
svd,,,,,,,,,,,1.0,1.0
distribution-dependent,,,,,,,,,,,1.0,
mean-for-mode,,,,,,,,,,,1.0,
gpu,,,,,,,,,,,1.0,
approval,,,,,,,,,,,1.0,
incentives,,,,,,,,,,,1.0,
aligned,,,,,,,,,,,1.0,
subtree,,,,,,,,,,,1.0,
description,,,,,,,,,,,1.0,
peak,,,,,,,,,,,1.0,
dual-sparse,,,,,,,,,,,1.0,
orthant-wise,,,,,,,,,,,1.0,
optimisation,,,,,,,,,,,1.0,
lists,,,,,,,,,,,1.0,
matter,,,,,,,,,,,1.0,1.0
peakseg,,,,,,,,,,,1.0,
penalty,,,,,,,,,,,1.0,1.0
spatiotemporal,,,,,,,,,,,1.0,
abstraction,,,,,,,,,,,1.0,1.0
maximizing,,,,,,,,,,,1.0,
non-decomposable,,,,,,,,,,,1.0,
coresets,,,,,,,,,,,1.0,
dp-means,,,,,,,,,,,1.0,
weighing,,,,,,,,,,,1.0,
utility-based,,,,,,,,,,,1.0,
leader,,,,,,,,,,,1.0,
(ulisse),,,,,,,,,,,1.0,
galaxies,,,,,,,,,,,1.0,
shadows,,,,,,,,,,,1.0,
quasars,,,,,,,,,,,1.0,
perturbed,,,,,,,,,,,1.0,
reified,,,,,,,,,,,1.0,
student,,,,,,,,,,,1.0,
kl,,,,,,,,,,,1.0,
fast-mixing,,,,,,,,,,,1.0,
dirty,,,,,,,,,,,1.0,
program,,,,,,,,,,,1.0,
unbiased,,,,,,,,,,,1.0,
employing,,,,,,,,,,,1.0,
enabling,,,,,,,,,,,1.0,
nearly-linear,,,,,,,,,,,1.0,
rademacher,,,,,,,,,,,1.0,
box-constrained,,,,,,,,,,,1.0,1.0
ladder,,,,,,,,,,,1.0,1.0
reliable,,,,,,,,,,,1.0,1.0
leaderboard,,,,,,,,,,,1.0,
propagate,,,,,,,,,,,1.0,
hyper-structure,,,,,,,,,,,1.0,
manifold-valued,,,,,,,,,,,1.0,
bridging,,,,,,,,,,,1.0,
rank-likelihood,,,,,,,,,,,1.0,
procedure,,,,,,,,,,,1.0,
semi-bandits,,,,,,,,,,,1.0,
swept,,,,,,,,,,,1.0,
armed,,,,,,,,,,,1.0,
plays,,,,,,,,,,,1.0,
blitz,,,,,,,,,,,1.0,
principled,,,,,,,,,,,1.0,
meta-algorithm,,,,,,,,,,,1.0,
expansions,,,,,,,,,,,1.0,1.0
sketching,,,,,,,,,,,1.0,
vector-space,,,,,,,,,,,1.0,
jump-means,,,,,,,,,,,1.0,
jump,,,,,,,,,,,1.0,
correcting,,,,,,,,,,,1.0,2.0
log-euclidean,,,,,,,,,,,1.0,
definite,,,,,,,,,,,1.0,
tournament,,,,,,,,,,,1.0,
winners,,,,,,,,,,,1.0,
condorcet,,,,,,,,,,,1.0,
td(0),,,,,,,,,,,1.0,
parametric-output,,,,,,,,,,,1.0,
aliased,,,,,,,,,,,1.0,
representing,,,,,,,,,,,1.0,1.0
inputs,,,,,,,,,,,1.0,
bilbowa,,,,,,,,,,,1.0,
log-determinant,,,,,,,,,,,1.0,
hawkestopic,,,,,,,,,,,1.0,
hedge,,,,,,,,,,,1.0,
continuum,,,,,,,,,,,1.0,
lstms,,,,,,,,,,,1.0,
dp-space,,,,,,,,,,,1.0,
bilingual,,,,,,,,,,,1.0,
text-based,,,,,,,,,,,1.0,
masked,,,,,,,,,,,1.0,
autoencoder,,,,,,,,,,,1.0,
logged,,,,,,,,,,,1.0,
counterfactual,,,,,,,,,,,1.0,1.0
self-play,,,,,,,,,,,1.0,
alignments,,,,,,,,,,,1.0,
co-clustering,,,,,,,,,,,1.0,
linearized,,,,,,,,,,,1.0,
cascading,,,,,,,,,,,1.0,1.0
versatile,,,,,,,,,,,1.0,
alpha-beta,,,,,,,,,,,1.0,
discover,,,,,,,,,,,1.0,
micro,,,,,,,,,,,1.0,
macro,,,,,,,,,,,1.0,
fictitious,,,,,,,,,,,1.0,
un-regularizing,,,,,,,,,,,1.0,
preconditioning,,,,,,,,,,,,3.0
hawkes,,,,,,,,,,,,3.0
black-box,,,,,,,,,,,,2.0
extended,,,,,,,,,,,,2.0
rnns,,,,,,,,,,,,2.0
capacity,,,,,,,,,,,,2.0
computationally,,,,,,,,,,,,2.0
imitation,,,,,,,,,,,,2.0
exponent,,,,,,,,,,,,2.0
nonconvexity,,,,,,,,,,,,2.0
synthesis,,,,,,,,,,,,2.0
fit,,,,,,,,,,,,2.0
svrg,,,,,,,,,,,,2.0
goodness,,,,,,,,,,,,2.0
summarization,,,,,,,,,,,,2.0
applying,,,,,,,,,,,,2.0
fourier,,,,,,,,,,,,2.0
segmented,,,,,,,,,,,,2.0
softmax,,,,,,,,,,,,2.0
quadrature,,,,,,,,,,,,2.0
peer,,,,,,,,,,,,2.0
tetris-and,,,,,,,,,,,,1.0
flow-based,,,,,,,,,,,,1.0
easy,,,,,,,,,,,,1.0
sdna,,,,,,,,,,,,1.0
truncated,,,,,,,,,,,,1.0
chi-squared,,,,,,,,,,,,1.0
tears,,,,,,,,,,,,1.0
well,,,,,,,,,,,,1.0
forecasticu,,,,,,,,,,,,1.0
strongly-local,,,,,,,,,,,,1.0
prognostic,,,,,,,,,,,,1.0
bistro,,,,,,,,,,,,1.0
softened,,,,,,,,,,,,1.0
knockoff,,,,,,,,,,,,1.0
eigen-decomposition,,,,,,,,,,,,1.0
recommendations,,,,,,,,,,,,1.0
electricity,,,,,,,,,,,,1.0
perhaps,,,,,,,,,,,,1.0
windowing,,,,,,,,,,,,1.0
ctc-rnns,,,,,,,,,,,,1.0
memory-augmented,,,,,,,,,,,,1.0
meta-learning,,,,,,,,,,,,1.0
graduated,,,,,,,,,,,,1.0
treatments,,,,,,,,,,,,1.0
fdr,,,,,,,,,,,,1.0
expensive,,,,,,,,,,,,1.0
debiasing,,,,,,,,,,,,1.0
group-sparse,,,,,,,,,,,,1.0
rejection,,,,,,,,,,,,1.0
pliable,,,,,,,,,,,,1.0
foundation,,,,,,,,,,,,1.0
dqns,,,,,,,,,,,,1.0
opponent,,,,,,,,,,,,1.0
multiply,,,,,,,,,,,,1.0
black,,,,,,,,,,,,1.0
cyclic,,,,,,,,,,,,1.0
unit,,,,,,,,,,,,1.0
symmetry,,,,,,,,,,,,1.0
admission,,,,,,,,,,,,1.0
graying,,,,,,,,,,,,1.0
box,,,,,,,,,,,,1.0
fake,,,,,,,,,,,,1.0
relaxation-based,,,,,,,,,,,,1.0
tightness,,,,,,,,,,,,1.0
causality,,,,,,,,,,,,1.0
granger,,,,,,,,,,,,1.0
stashing,,,,,,,,,,,,1.0
on-chip,,,,,,,,,,,,1.0
timely,,,,,,,,,,,,1.0
intensive,,,,,,,,,,,,1.0
posteriors,,,,,,,,,,,,1.0
decisions,,,,,,,,,,,,1.0
bfgs,,,,,,,,,,,,1.0
dpp,,,,,,,,,,,,1.0
barron,,,,,,,,,,,,1.0
proportion,,,,,,,,,,,,1.0
forms,,,,,,,,,,,,1.0
out,,,,,,,,,,,,1.0
arrow,,,,,,,,,,,,1.0
care,,,,,,,,,,,,1.0
cover's,,,,,,,,,,,,1.0
long-memory,,,,,,,,,,,,1.0
squeezing,,,,,,,,,,,,1.0
shannon,,,,,,,,,,,,1.0
topographical,,,,,,,,,,,,1.0
adios,,,,,,,,,,,,1.0
axioms,,,,,,,,,,,,1.0
minecraft,,,,,,,,,,,,1.0
mixed-initiative,,,,,,,,,,,,1.0
international,,,,,,,,,,,,1.0
interacting,,,,,,,,,,,,1.0
shift-and-invert,,,,,,,,,,,,1.0
convnet,,,,,,,,,,,,1.0
redistributing,,,,,,,,,,,,1.0
transforms,,,,,,,,,,,,1.0
gromov-wasserstein,,,,,,,,,,,,1.0
nos-poincar,,,,,,,,,,,,1.0
ihmm,,,,,,,,,,,,1.0
meta_gradient,,,,,,,,,,,,1.0
schur,,,,,,,,,,,,1.0
controlling,,,,,,,,,,,,1.0
kemeny,,,,,,,,,,,,1.0
horizontally,,,,,,,,,,,,1.0
equivariant,,,,,,,,,,,,1.0
clenshaw-curtis,,,,,,,,,,,,1.0
slice,,,,,,,,,,,,1.0
pd-sparse,,,,,,,,,,,,1.0
hyperparameters,,,,,,,,,,,,1.0
acceleration,,,,,,,,,,,,1.0
energetic,,,,,,,,,,,,1.0
fixed,,,,,,,,,,,,1.0
epigraph,,,,,,,,,,,,1.0
rao-blackwellized,,,,,,,,,,,,1.0
tempered,,,,,,,,,,,,1.0
phog,,,,,,,,,,,,1.0
shifting,,,,,,,,,,,,1.0
superlinearly-convergent,,,,,,,,,,,,1.0
sgm,,,,,,,,,,,,1.0
auto-regressive,,,,,,,,,,,,1.0
passes,,,,,,,,,,,,1.0
deconstructing,,,,,,,,,,,,1.0
evasion,,,,,,,,,,,,1.0
hardening,,,,,,,,,,,,1.0
textual,,,,,,,,,,,,1.0
early,,,,,,,,,,,,1.0
answering,,,,,,,,,,,,1.0
check-in,,,,,,,,,,,,1.0
concatenated,,,,,,,,,,,,1.0
isotonic,,,,,,,,,,,,1.0
cross-graph,,,,,,,,,,,,1.0
associations,,,,,,,,,,,,1.0
markov-modulated,,,,,,,,,,,,1.0
marked,,,,,,,,,,,,1.0
atomic-norm,,,,,,,,,,,,1.0
oracle,,,,,,,,,,,,1.0
question,,,,,,,,,,,,1.0
cosmological,,,,,,,,,,,,1.0
vectors,,,,,,,,,,,,1.0
bidirectional,,,,,,,,,,,,1.0
helmholtz,,,,,,,,,,,,1.0
simulated,,,,,,,,,,,,1.0
barrier,,,,,,,,,,,,1.0
randomness,,,,,,,,,,,,1.0
low-regret,,,,,,,,,,,,1.0
seller,,,,,,,,,,,,1.0
dark,,,,,,,,,,,,1.0
population-level,,,,,,,,,,,,1.0
diffusions,,,,,,,,,,,,1.0
expressiveness,,,,,,,,,,,,1.0
root,,,,,,,,,,,,1.0
permit,,,,,,,,,,,,1.0
kitchen,,,,,,,,,,,,1.0
sinks,,,,,,,,,,,,1.0
unscented,,,,,,,,,,,,1.0
privately,,,,,,,,,,,,1.0
thurstone,,,,,,,,,,,,1.0
echo-state,,,,,,,,,,,,1.0
lstm,,,,,,,,,,,,1.0
controllers,,,,,,,,,,,,1.0
multiparty,,,,,,,,,,,,1.0
morphism,,,,,,,,,,,,1.0
layers,,,,,,,,,,,,1.0
minding,,,,,,,,,,,,1.0
hemimetrics,,,,,,,,,,,,1.0
eliciting,,,,,,,,,,,,1.0
physical,,,,,,,,,,,,1.0
intuition,,,,,,,,,,,,1.0
towers,,,,,,,,,,,,1.0
partitioned,,,,,,,,,,,,1.0
slowly,,,,,,,,,,,,1.0
clairvoyant,,,,,,,,,,,,1.0
gaps,,,,,,,,,,,,1.0
gaussianity,,,,,,,,,,,,1.0
initial,,,,,,,,,,,,1.0
basin,,,,,,,,,,,,1.0
overspecified,,,,,,,,,,,,1.0
certificates,,,,,,,,,,,,1.0
requirements,,,,,,,,,,,,1.0
automaton,,,,,,,,,,,,1.0
individual,,,,,,,,,,,,1.0
sdca,,,,,,,,,,,,1.0
self-correcting,,,,,,,,,,,,1.0
variable-metric,,,,,,,,,,,,1.0
neighbour,,,,,,,,,,,,1.0
indexing,,,,,,,,,,,,1.0
jacobian,,,,,,,,,,,,1.0
decomposing,,,,,,,,,,,,1.0
long-term,,,,,,,,,,,,1.0
excitations,,,,,,,,,,,,1.0
breaking,,,,,,,,,,,,1.0
distillation,,,,,,,,,,,,1.0
metadata-conscious,,,,,,,,,,,,1.0
anonymous,,,,,,,,,,,,1.0
messaging,,,,,,,,,,,,1.0
truthful,,,,,,,,,,,,1.0
k-variates,,,,,,,,,,,,1.0
pluses,,,,,,,,,,,,1.0
salsa,,,,,,,,,,,,1.0
diversity-promoting,,,,,,,,,,,,1.0
you,,,,,,,,,,,,1.0
won't,,,,,,,,,,,,1.0
again,,,,,,,,,,,,1.0
mechanisms,,,,,,,,,,,,1.0
self-correction,,,,,,,,,,,,1.0
stochastically,,,,,,,,,,,,1.0
transitive,,,,,,,,,,,,1.0
issues,,,,,,,,,,,,1.0
uprooting,,,,,,,,,,,,1.0
rerooting,,,,,,,,,,,,1.0
guided,,,,,,,,,,,,1.0
multi-player,,,,,,,,,,,,1.0
chairs,,,,,,,,,,,,1.0
goodness-of-fit,,,,,,,,,,,,1.0
tests,,,,,,,,,,,,1.0
linking,,,,,,,,,,,,1.0
span-based,,,,,,,,,,,,1.0
segmenting,,,,,,,,,,,,1.0
wearable,,,,,,,,,,,,1.0
hashed,,,,,,,,,,,,1.0
educational,,,,,,,,,,,,1.0
sieve,,,,,,,,,,,,1.0
dealbreaker,,,,,,,,,,,,1.0
2,,,,,,,,,,,,1.0
english,,,,,,,,,,,,1.0
mandarin,,,,,,,,,,,,1.0
single-,,,,,,,,,,,,1.0
cryptonets,,,,,,,,,,,,1.0
encrypted,,,,,,,,,,,,1.0
throughput,,,,,,,,,,,,1.0
multi-bias,,,,,,,,,,,,1.0
textures,,,,,,,,,,,,1.0
stylized,,,,,,,,,,,,1.0
ask,,,,,,,,,,,,1.0
me,,,,,,,,,,,,1.0
anything,,,,,,,,,,,,1.0
gossip,,,,,,,,,,,,1.0
decentralized,,,,,,,,,,,,1.0
ridge,,,,,,,,,,,,1.0
sketched,,,,,,,,,,,,1.0
cumulative,,,,,,,,,,,,1.0
prospect,,,,,,,,,,,,1.0
feed-forward,,,,,,,,,,,,1.0
texture,,,,,,,,,,,,1.0
kk-means,,,,,,,,,,,,1.0
copeland,,,,,,,,,,,,1.0
conservative,,,,,,,,,,,,1.0
variance-reduced,,,,,,,,,,,,1.0
sigmoid,,,,,,,,,,,,1.0
false,,,,,,,,,,,,1.0
strongly-typed,,,,,,,,,,,,1.0
backup,,,,,,,,,,,,1.0
benchmarking,,,,,,,,,,,,1.0
heavy,,,,,,,,,,,,1.0
rapid,,,,,,,,,,,,1.0
course,,,,,,,,,,,,1.0
completely,,,,,,,,,,,,1.0
sparsemax,,,,,,,,,,,,1.0
politician,,,,,,,,,,,,1.0
ensuring,,,,,,,,,,,,1.0
pixels,,,,,,,,,,,,1.0
autoencoding,,,,,,,,,,,,1.0
starting,,,,,,,,,,,,1.0
sizes,,,,,,,,,,,,1.0
dr-abc,,,,,,,,,,,,1.0
rich,,,,,,,,,,,,1.0
alpha,,,,,,,,,,,,1.0
one-shot,,,,,,,,,,,,1.0
generalize,,,,,,,,,,,,1.0
clicks,,,,,,,,,,,,1.0
dcm,,,,,,,,,,,,1.0
reduced,,,,,,,,,,,,1.0
improperly,,,,,,,,,,,,1.0
learnable,,,,,,,,,,,,1.0
outliers,,,,,,,,,,,,1.0
oblivious,,,,,,,,,,,,1.0
insights,,,,,,,,,,,,1.0
max,,,,,,,,,,,,1.0
kk-armed,,,,,,,,,,,,1.0
comparative,,,,,,,,,,,,1.0
cnn,,,,,,,,,,,,1.0
pose,,,,,,,,,,,,1.0
basc,,,,,,,,,,,,1.0
surfaces,,,,,,,,,,,,1.0
truncatedwirtinger,,,,,,,,,,,,1.0
column/row,,,,,,,,,,,,1.0
evolution,,,,,,,,,,,,1.0
feedbacks,,,,,,,,,,,,1.0
orthogonality,,,,,,,,,,,,1.0
oops,,,,,,,,,,,,1.0
lojasiewicz,,,,,,,,,,,,1.0
line-search,,,,,,,,,,,,1.0
generate,,,,,,,,,,,,1.0
rank-pooling,,,,,,,,,,,,1.0
unitary,,,,,,,,,,,,1.0
representational,,,,,,,,,,,,1.0
technical,,,,,,,,,,,,1.0
single-cell,,,,,,,,,,,,1.0
non-strongly-convex,,,,,,,,,,,,1.0
sum-of-non-convex,,,,,,,,,,,,1.0
even,,,,,,,,,,,,1.0
